{
  "type": "FeatureCollection",
  "features": [
    {
      "type": "Feature",
      "geometry": null,
      "properties": {
        "nome": "Rio Barbaira",
        "nazione": "italia",
        "regione": "Liguria",
        "difficolta": "v2 a3 II",
        "calate": "8, \n        alcune evitabili con tuffi, calata più alta 12 metri",
        "calata_max": "12 metri",
        "lunghezza": "circa 1,3 km da quello basso",
        "dislivello": "140 metri (430-290)",
        "tempi": "45' avvicinamento + 3h 30' discesa + 10' rientro",
        "navetta": "0 km",
        "materiale": "1 corda da 60 metri",
        "kmz_url": "https://www.cicarudeclan.com/GEarth/Rio Barbaira.kmz",
        "foto_count": 3,
        "url": "https://www.cicarudeclan.com/ita/a5_barbaira.htm"
      }
    },
    {
      "type": "Feature",
      "geometry": null,
      "properties": {
        "nome": "Gola di Buggio",
        "nazione": "italia",
        "regione": "Liguria",
        "difficolta": "v2 a2 II",
        "calate": "5,\n    2 obbligatorie, calata più alta 13 metri",
        "calata_max": "13 metri",
        "lunghezza": "circa\n    700 m",
        "dislivello": "140\n    metri (570-430)",
        "tempi": "30'\n    avvicinamento + 2h discesa + 10' rientro",
        "navetta": "0\n    km",
        "materiale": "1 corda da 60 metri",
        "kmz_url": "https://www.cicarudeclan.com/GEarth/Gole di Buggio.kmz",
        "foto_count": 2,
        "url": "https://www.cicarudeclan.com/ita/a5_buggio.htm"
      }
    },
    {
      "type": "Feature",
      "geometry": null,
      "properties": {
        "nome": "Rio Infernetto",
        "nazione": "italia",
        "regione": "Liguria",
        "difficolta": "v3 a3 IV",
        "calate": "circa 25/20, calata più alta 30 metri",
        "calata_max": "30 metri",
        "lunghezza": "4/2,5\n    km circa",
        "dislivello": "750/450\n    m (1500/1200-750)",
        "tempi": "20'/30'\n    avvicinamento + 7h/5h discesa + 20' rientro",
        "navetta": "circa 12/9 km",
        "materiale": "2 corde da 60 metri",
        "kmz_url": null,
        "foto_count": 3,
        "url": "https://www.cicarudeclan.com/ita/a5_infernetto.htm"
      }
    },
    {
      "type": "Feature",
      "geometry": null,
      "properties": {
        "nome": "Torrente Argentina",
        "nazione": "italia",
        "regione": "Liguria",
        "difficolta": "v3 a4 II",
        "calate": "4, calata più alta 15 metri",
        "calata_max": "15 metri",
        "lunghezza": "0,8 km circa",
        "dislivello": "65 m (550-485)",
        "tempi": "10' avvicinamento + 1h 30' discesa + 20' rientro",
        "navetta": "circa 10 km",
        "materiale": "1 corda da 60 metri",
        "kmz_url": null,
        "foto_count": 3,
        "url": "https://www.cicarudeclan.com/ita/a5_argentina.htm"
      }
    },
    {
      "type": "Feature",
      "geometry": null,
      "properties": {
        "nome": "Rio Grognardo",
        "nazione": "italia",
        "regione": "Liguria",
        "difficolta": "v3 a2 I",
        "calate": "5, calata più alta 15 metri",
        "calata_max": "15 metri",
        "lunghezza": "0,3 km circa",
        "dislivello": "30 metri (515-485)",
        "tempi": "15' avvicinamento + 1h discesa + 10' rientro",
        "navetta": "0 km",
        "materiale": "1 corda da 60 metri",
        "kmz_url": null,
        "foto_count": 3,
        "url": "https://www.cicarudeclan.com/ita/a5_grognardo.htm"
      }
    },
    {
      "type": "Feature",
      "geometry": null,
      "properties": {
        "nome": "Rio Santa Lucia",
        "nazione": "italia",
        "regione": "Liguria",
        "difficolta": "v3 a3 II",
        "calate": "15, più alta 14 metri",
        "calata_max": null,
        "lunghezza": "circa\n    1,3 km",
        "dislivello": "140 metri (540-400)",
        "tempi": "40' + 3h + 5' rientro",
        "navetta": "0 km",
        "materiale": "1 corda da 60 m",
        "kmz_url": "https://www.cicarudeclan.com/GEarth/Rio Santa Lucia.kmz",
        "foto_count": 2,
        "url": "https://www.cicarudeclan.com/ita/a5_s_lucia.htm"
      }
    },
    {
      "type": "Feature",
      "geometry": null,
      "properties": {
        "nome": "Cascate dell'Arroscia (Rio Passetto)",
        "nazione": "italia",
        "regione": "Liguria",
        "difficolta": "v4 a3 III",
        "calate": "circa 15, calata più alta 60 m",
        "calata_max": "60 metri",
        "lunghezza": "circa 1,2 km",
        "dislivello": "400 metri (1325-925)",
        "tempi": "30' avvicinamento + 4h + 20' rientro",
        "navetta": "10,7 km (3,7 km di sterrato in cattive condizioni)",
        "materiale": "3 corde da 60 metri",
        "kmz_url": null,
        "foto_count": 0,
        "url": "https://www.cicarudeclan.com/ita/a5_arroscia.htm"
      }
    },
    {
      "type": "Feature",
      "geometry": null,
      "properties": {
        "nome": "Rio Ferraia",
        "nazione": "italia",
        "regione": "Liguria",
        "difficolta": "v3 a2 III",
        "calate": "13, calata più alta 30 metri",
        "calata_max": "30 metri",
        "lunghezza": "0,8 km circa",
        "dislivello": "130 metri (765-635)",
        "tempi": "2h discesa + 30' rientro",
        "navetta": "0 km",
        "materiale": "2 corde da 60 metri",
        "kmz_url": null,
        "foto_count": 3,
        "url": "https://www.cicarudeclan.com/ita/a5_ferraia.htm"
      }
    },
    {
      "type": "Feature",
      "geometry": null,
      "properties": {
        "nome": "Torrente Sansobbia",
        "nazione": "italia",
        "regione": "Liguria",
        "difficolta": "v3 a2 II",
        "calate": "7, calata più alta 16 metri",
        "calata_max": "16 metri",
        "lunghezza": "circa 1 km",
        "dislivello": "120 metri (540-420)",
        "tempi": "20' avvicinamento + 2h + 15' rientro",
        "navetta": "possibile breve navetta di circa 1 km, per evitare 10' di cammino in salita al rientro",
        "materiale": "1 corda da 40 metri",
        "kmz_url": null,
        "foto_count": 5,
        "url": "https://www.cicarudeclan.com/ita/a5_sansobbia.htm"
      }
    },
    {
      "type": "Feature",
      "geometry": null,
      "properties": {
        "nome": "Rio Prialunga",
        "nazione": "italia",
        "regione": "Liguria",
        "difficolta": "v3 a2 III",
        "calate": "15; calata più alta 30 metri",
        "calata_max": "30 metri",
        "lunghezza": "circa 0,9 km",
        "dislivello": "300 metri (640-340)",
        "tempi": "1h avvicinamento + 3h 30' discesa + 5' rientro",
        "navetta": "0\n\n    km",
        "materiale": "2 corde da 60 metri",
        "kmz_url": null,
        "foto_count": 3,
        "url": "https://www.cicarudeclan.com/ita/a5_pria.htm"
      }
    },
    {
      "type": "Feature",
      "geometry": null,
      "properties": {
        "nome": "Rio Uomo Morto",
        "nazione": "italia",
        "regione": "Liguria",
        "difficolta": "v3 a1 I",
        "calate": "5,\n    calata più alta 17 metri",
        "calata_max": "17 metri",
        "lunghezza": "circa\n    1,5 km",
        "dislivello": "180\n    metri (610-430)",
        "tempi": "1h\n    30' discesa",
        "navetta": "2,2\n    km",
        "materiale": "1 corda da 60 metri",
        "kmz_url": null,
        "foto_count": 0,
        "url": "https://www.cicarudeclan.com/ita/a5_uomo.htm"
      }
    },
    {
      "type": "Feature",
      "geometry": null,
      "properties": {
        "nome": "Rio Lerca",
        "nazione": "italia",
        "regione": "Liguria",
        "difficolta": "v3 a2 II",
        "calate": "8,\n\n    calata più alta 10 metri",
        "calata_max": "10 metri",
        "lunghezza": "circa\n\n    1,5 km",
        "dislivello": "150 metri (280-130)",
        "tempi": "1h avvicinamento + 2h 45' discesa + 15' rientro",
        "navetta": "0\n\n    km",
        "materiale": "1\n\n    corda da 60 metri",
        "kmz_url": null,
        "foto_count": 3,
        "url": "https://www.cicarudeclan.com/ita/a5_lerca.htm"
      }
    },
    {
      "type": "Feature",
      "geometry": null,
      "properties": {
        "nome": "Valle Scura - Rio Carbonea",
        "nazione": "italia",
        "regione": "Liguria",
        "difficolta": "v3 a1 III",
        "calate": "5, calata più alta 25 metri",
        "calata_max": "25 metri",
        "lunghezza": "circa 1 km",
        "dislivello": "250 metri (690-440)",
        "tempi": "2h avvicinamento + 2h 30' + 45' rientro",
        "navetta": "0 km",
        "materiale": "1 corda da 60 metri",
        "kmz_url": null,
        "foto_count": 5,
        "url": "https://www.cicarudeclan.com/ita/a5_vallescura.htm"
      }
    },
    {
      "type": "Feature",
      "geometry": null,
      "properties": {
        "nome": "Rio l'Erbin",
        "nazione": "italia",
        "regione": "Liguria",
        "difficolta": "v3 a1 III",
        "calate": "10, calata più alta 30 metri",
        "calata_max": "30 metri",
        "lunghezza": "1,5 km circa",
        "dislivello": "380 metri (510-130)",
        "tempi": "1h 30' avvicinamento + 3h discesa + 20' rientro",
        "navetta": "0 km",
        "materiale": "1 corda da 60 metri",
        "kmz_url": null,
        "foto_count": 3,
        "url": "https://www.cicarudeclan.com/ita/a5_erbin.htm"
      }
    },
    {
      "type": "Feature",
      "geometry": null,
      "properties": {
        "nome": "Gias delle Vacche (Rio Agugea)",
        "nazione": "italia",
        "regione": "Liguria",
        "difficolta": "v4 a1 II",
        "calate": "6, calata più alta 38 metri",
        "calata_max": "38 metri",
        "lunghezza": "circa 0,5 km",
        "dislivello": "200 metri (340-140)",
        "tempi": "40' avvicinamento + 1h 45' + 30' rientro",
        "navetta": "0 km",
        "materiale": "2 corde da 60 metri",
        "kmz_url": null,
        "foto_count": 5,
        "url": "https://www.cicarudeclan.com/ita/a5_giasvacche.htm"
      }
    },
    {
      "type": "Feature",
      "geometry": null,
      "properties": {
        "nome": "Rio Lerone",
        "nazione": "italia",
        "regione": "Liguria",
        "difficolta": "v2 a3 III",
        "calate": "3, calata più alta 10 metri",
        "calata_max": "10 metri",
        "lunghezza": "circa 3 km",
        "dislivello": "360 metri (460-100)",
        "tempi": "1h 30' avvicinamento + 2h 30' + 30' rientro",
        "navetta": "0 km",
        "materiale": "1 corda da 30 metri per effettuare armi umani",
        "kmz_url": null,
        "foto_count": 5,
        "url": "https://www.cicarudeclan.com/ita/a5_lerone.htm"
      }
    },
    {
      "type": "Feature",
      "geometry": null,
      "properties": {
        "nome": "Cu du Mundu",
        "nazione": "italia",
        "regione": "Liguria",
        "difficolta": "v3 a2 III",
        "calate": "14, calata più alta 23 metri",
        "calata_max": "23 metri",
        "lunghezza": "circa 1 km",
        "dislivello": "170 metri (470-300)",
        "tempi": "1h\n\n    15' avvicinamento + 3h discesa + 45' rientro",
        "navetta": "0 km",
        "materiale": "1 corda da 60 metri",
        "kmz_url": null,
        "foto_count": 3,
        "url": "https://www.cicarudeclan.com/ita/a5_cudumu.htm"
      }
    },
    {
      "type": "Feature",
      "geometry": null,
      "properties": {
        "nome": "Cu du Mundu Alto",
        "nazione": "italia",
        "regione": "Liguria",
        "difficolta": "v3 a2 II",
        "calate": "6, calata più alta 18 metri",
        "calata_max": "18 metri",
        "lunghezza": "circa 700 m",
        "dislivello": "140 metri (630-490)",
        "tempi": "1h 45' accesso + 1h discesa + 1h 15' rientro",
        "navetta": "0 km",
        "materiale": "1 corda da 60 metri",
        "kmz_url": null,
        "foto_count": 3,
        "url": "https://www.cicarudeclan.com/ita/a5_cudumu_alto.htm"
      }
    },
    {
      "type": "Feature",
      "geometry": null,
      "properties": {
        "nome": "Rio dei Guadi - Rio Negrone",
        "nazione": "italia",
        "regione": "Liguria",
        "difficolta": "v3 a2 III",
        "calate": "9, calata più alta 23 metri",
        "calata_max": "23 metri",
        "lunghezza": "circa 1 km",
        "dislivello": "260 metri (620-360)",
        "tempi": "1h 30' avvicinamento + 3h 15' + 50' rientro",
        "navetta": "0 km",
        "materiale": "1 corda da 60 metri",
        "kmz_url": null,
        "foto_count": 5,
        "url": "https://www.cicarudeclan.com/ita/a5_guadi.htm"
      }
    },
    {
      "type": "Feature",
      "geometry": null,
      "properties": {
        "nome": "Rio Leone",
        "nazione": "italia",
        "regione": "Liguria",
        "difficolta": "v3 a2 III",
        "calate": "8, calata più alta 30 metri",
        "calata_max": "30 metri",
        "lunghezza": "circa 800 m",
        "dislivello": "185 metri (645 - 460)",
        "tempi": "1h 30' avvicinamento + 2h 30' discesa + 1h rientro",
        "navetta": "0 km",
        "materiale": "1 corda da 60 metri",
        "kmz_url": null,
        "foto_count": 0,
        "url": "https://www.cicarudeclan.com/ita/a5_leone.htm"
      }
    },
    {
      "type": "Feature",
      "geometry": null,
      "properties": {
        "nome": "Rio Secco",
        "nazione": "italia",
        "regione": "Liguria",
        "difficolta": "v3 a2 III",
        "calate": "8, calata più alta 25 metri",
        "calata_max": "25 metri",
        "lunghezza": "circa 1,8 km",
        "dislivello": "410 metri (700-290)",
        "tempi": "1h 45' avvicinamento + 3h 30' + 10' rientro",
        "navetta": "0 km",
        "materiale": "1 corda da 60 metri",
        "kmz_url": null,
        "foto_count": 5,
        "url": "https://www.cicarudeclan.com/ita/a5_secco.htm"
      }
    },
    {
      "type": "Feature",
      "geometry": null,
      "properties": {
        "nome": "Rio Vaccapendi",
        "nazione": "italia",
        "regione": "Liguria",
        "difficolta": "v4 a2 II",
        "calate": "5, calata più alta 38 metri",
        "calata_max": "38 metri",
        "lunghezza": "circa 1 km",
        "dislivello": "345 metri (635-290)",
        "tempi": "1h 15' avvicinamento + 2h 30' + 5'",
        "navetta": "0 km",
        "materiale": "2 corde da 60 metri",
        "kmz_url": null,
        "foto_count": 3,
        "url": "https://www.cicarudeclan.com/ita/a5_vaccapendi.htm"
      }
    },
    {
      "type": "Feature",
      "geometry": null,
      "properties": {
        "nome": "Rio Malanotte - Rio Gava",
        "nazione": "italia",
        "regione": "Liguria",
        "difficolta": "v3 a2 III",
        "calate": "11, calata più alta 18 metri",
        "calata_max": "18 metri",
        "lunghezza": "circa 1,5 km",
        "dislivello": "320 metri (650-330)",
        "tempi": "30' avvicinamento + 3h 15' + 30' rientro",
        "navetta": "0 km",
        "materiale": "1 corda da 60 metri",
        "kmz_url": null,
        "foto_count": 5,
        "url": "https://www.cicarudeclan.com/ita/a5_malanottegava.htm"
      }
    },
    {
      "type": "Feature",
      "geometry": null,
      "properties": {
        "nome": "Rio Gava Levante inferiore",
        "nazione": "italia",
        "regione": "Liguria",
        "difficolta": "v3 a3 I",
        "calate": "4, calata più alta 20 metri",
        "calata_max": "20 metri",
        "lunghezza": "circa 1,5 km",
        "dislivello": "220 metri (330-110)",
        "tempi": "30' avvicinamento + 1h 30'",
        "navetta": "circa 1,5 km",
        "materiale": "1 corda da 60 metri",
        "kmz_url": null,
        "foto_count": 3,
        "url": "https://www.cicarudeclan.com/ita/a5_gavalevante.htm"
      }
    },
    {
      "type": "Feature",
      "geometry": null,
      "properties": {
        "nome": "Rio Gardonea - Rio dell'Orso",
        "nazione": "italia",
        "regione": "Liguria",
        "difficolta": "v2 a2 III",
        "calate": "4, calata più alta 15 metri",
        "calata_max": "15 metri",
        "lunghezza": "circa 1 km",
        "dislivello": "160 metri (550-390)",
        "tempi": "1h 45' avvicinamento + 2h + 45' rientro",
        "navetta": "0 km",
        "materiale": "1 corda da 60 metri",
        "kmz_url": null,
        "foto_count": 5,
        "url": "https://www.cicarudeclan.com/ita/a5_gardonea.htm"
      }
    },
    {
      "type": "Feature",
      "geometry": null,
      "properties": {
        "nome": "Rio del Dente",
        "nazione": "italia",
        "regione": "Liguria",
        "difficolta": "v3 a2 III",
        "calate": "8, calata più alta 23 metri",
        "calata_max": "23 metri",
        "lunghezza": "circa 0,8 km",
        "dislivello": "285 metri (670-385)",
        "tempi": "1h 45' avvicinamento + 2h discesa + 45' rientro",
        "navetta": "0 km",
        "materiale": "1 corda da 60 metri",
        "kmz_url": null,
        "foto_count": 3,
        "url": "https://www.cicarudeclan.com/ita/a5_dente.htm"
      }
    },
    {
      "type": "Feature",
      "geometry": null,
      "properties": {
        "nome": "Rio Battilana",
        "nazione": "italia",
        "regione": "Liguria",
        "difficolta": "v4 a1 II",
        "calate": "4, calata più alta 40 metri",
        "calata_max": "40 metri",
        "lunghezza": "circa 0,7 km",
        "dislivello": "255 metri (610-355)",
        "tempi": "1h 15' avvicinamento + 1h 30' discesa + 45' rientro",
        "navetta": "0 km",
        "materiale": "2 corde da 60 metri",
        "kmz_url": null,
        "foto_count": 3,
        "url": "https://www.cicarudeclan.com/ita/a5_battilana.htm"
      }
    },
    {
      "type": "Feature",
      "geometry": null,
      "properties": {
        "nome": "Rio Ase Mortu",
        "nazione": "italia",
        "regione": "Liguria",
        "difficolta": "v3 a2 II",
        "calate": "4, calata più alta 20 metri",
        "calata_max": "20 metri",
        "lunghezza": "circa 0,9 km",
        "dislivello": "190 metri (380-190)",
        "tempi": "1h 15' avvicinamento + 1h 30' discesa + 5' rientro",
        "navetta": "0 km",
        "materiale": "1 corda da 60 metri",
        "kmz_url": null,
        "foto_count": 3,
        "url": "https://www.cicarudeclan.com/ita/a5_asemortu.htm"
      }
    },
    {
      "type": "Feature",
      "geometry": null,
      "properties": {
        "nome": "Rio delle Gave - Cerusa",
        "nazione": "italia",
        "regione": "Liguria",
        "difficolta": "v2 a1 II",
        "calate": "nessuna",
        "calata_max": null,
        "lunghezza": "800 m circa",
        "dislivello": "60 metri (380-320)",
        "tempi": "45' avvicinamento + 1h discesa + 20' rientro",
        "navetta": "0 km",
        "materiale": "1 corda corta per eventuali armi umani",
        "kmz_url": null,
        "foto_count": 5,
        "url": "https://www.cicarudeclan.com/ita/a5_gave.htm"
      }
    },
    {
      "type": "Feature",
      "geometry": null,
      "properties": {
        "nome": "Cascate del Serpente (Torrente Masone)",
        "nazione": "italia",
        "regione": "Liguria",
        "difficolta": "v2 a2 I",
        "calate": "4, cascata più alta 12 metri",
        "calata_max": null,
        "lunghezza": "circa 0,4 km",
        "dislivello": "40 metri (450-410)",
        "tempi": "15' avvicinamento + 1h + 5' rientro",
        "navetta": "0 km",
        "materiale": "1 corda da 30 metri",
        "kmz_url": null,
        "foto_count": 0,
        "url": "https://www.cicarudeclan.com/ita/a5_serpente.htm"
      }
    },
    {
      "type": "Feature",
      "geometry": null,
      "properties": {
        "nome": "Rio Creverino",
        "nazione": "italia",
        "regione": "Liguria",
        "difficolta": "v3 a2 I",
        "calate": "6,\n    calata più alta 18 metri",
        "calata_max": "18 metri",
        "lunghezza": "circa 1 km",
        "dislivello": "150 metri (480-330)",
        "tempi": "15'\n    accesso + 1h 45' discesa + 10' rientro",
        "navetta": "circa 1,5 km",
        "materiale": "1 corda da 60 metri",
        "kmz_url": null,
        "foto_count": 3,
        "url": "https://www.cicarudeclan.com/ita/a5_creve.htm"
      }
    },
    {
      "type": "Feature",
      "geometry": null,
      "properties": {
        "nome": "Rio di Tonno",
        "nazione": "italia",
        "regione": "Liguria",
        "difficolta": "v2 a2 II",
        "calate": "1, alta 12 metri",
        "calata_max": null,
        "lunghezza": "circa 1,1 km",
        "dislivello": "120 metri (840-720)",
        "tempi": "30' avvicinamento + 1h 15' + 10' rientro",
        "navetta": "1 km",
        "materiale": "1 corda da 30 metri",
        "kmz_url": null,
        "foto_count": 0,
        "url": "https://www.cicarudeclan.com/ita/a5_tonno.htm"
      }
    },
    {
      "type": "Feature",
      "geometry": null,
      "properties": {
        "nome": "Rio Martino",
        "nazione": "italia",
        "regione": "Liguria",
        "difficolta": "v2 a2 II",
        "calate": "5, calata più alta 10 metri",
        "calata_max": "10 metri",
        "lunghezza": "circa 1,3 km",
        "dislivello": "200 metri (490-290)",
        "tempi": "30' avvicinamento + 3h 15' + 30' rientro",
        "navetta": "0 km",
        "materiale": "1 corda da 30 metri",
        "kmz_url": null,
        "foto_count": 5,
        "url": "https://www.cicarudeclan.com/ita/a5_martino.htm"
      }
    },
    {
      "type": "Feature",
      "geometry": null,
      "properties": {
        "nome": "Rio Gandolfi",
        "nazione": "italia",
        "regione": "Liguria",
        "difficolta": "v3 a2 II",
        "calate": "7, cascata più alta 24 metri",
        "calata_max": null,
        "lunghezza": "circa 1,5 km",
        "dislivello": "200 metri (475-275)",
        "tempi": "40' avvicinamento + 2h + 5' rientro",
        "navetta": "0 km",
        "materiale": "1 corda da 60 metri",
        "kmz_url": null,
        "foto_count": 0,
        "url": "https://www.cicarudeclan.com/ita/a5_gandolfi.htm"
      }
    },
    {
      "type": "Feature",
      "geometry": null,
      "properties": {
        "nome": "Rio Torbido",
        "nazione": "italia",
        "regione": "Liguria",
        "difficolta": "v3 a2 II",
        "calate": "8, calata più alta 20 metri",
        "calata_max": "20 metri",
        "lunghezza": "circa 0,9 km",
        "dislivello": "190 metri (370-180)",
        "tempi": "15' avvicinamento + 1h 30' + 20' rientro",
        "navetta": "0 km",
        "materiale": "1 corda x 60 metri",
        "kmz_url": null,
        "foto_count": 0,
        "url": "https://www.cicarudeclan.com/ita/a5_torbido.htm"
      }
    },
    {
      "type": "Feature",
      "geometry": null,
      "properties": {
        "nome": "Fosso dei Ronchi (ramo sx)",
        "nazione": "italia",
        "regione": "Liguria",
        "difficolta": "v3 a1 II",
        "calate": "circa 6, calata più alta 18 metri",
        "calata_max": "18 metri",
        "lunghezza": "circa 1 km",
        "dislivello": "280 metri (510-230)",
        "tempi": "1h avvicinamento+ 2h + 30' rientro",
        "navetta": "circa 7,2 km",
        "materiale": "1 corda da 60 metri",
        "kmz_url": null,
        "foto_count": 5,
        "url": "https://www.cicarudeclan.com/ita/a5_ronchicanate.htm"
      }
    },
    {
      "type": "Feature",
      "geometry": null,
      "properties": {
        "nome": "Rio Pomà",
        "nazione": "italia",
        "regione": "Liguria",
        "difficolta": "v3 a1 II",
        "calate": "13, calata più alta 20 metri",
        "calata_max": "20 metri",
        "lunghezza": "circa 1,3 km",
        "dislivello": "380 metri (560-180)",
        "tempi": "15' avvicinamento + 2h 30' discesa + 5' rientro",
        "navetta": "circa 11 km",
        "materiale": "1 corda da 60 metri",
        "kmz_url": null,
        "foto_count": 3,
        "url": "https://www.cicarudeclan.com/ita/a5_poma.htm"
      }
    },
    {
      "type": "Feature",
      "geometry": null,
      "properties": {
        "nome": "Rio Orsiggia dell'Arma",
        "nazione": "italia",
        "regione": "Liguria",
        "difficolta": "v2 a2 II",
        "calate": "10, calata più alta 12 metri",
        "calata_max": "12 metri",
        "lunghezza": "circa 0,8 km",
        "dislivello": "200 metri (290-90)",
        "tempi": "1h avvicinamento + 2h + 15'rientro",
        "navetta": "0 km",
        "materiale": "1 corda da 30 metri",
        "kmz_url": null,
        "foto_count": 5,
        "url": "https://www.cicarudeclan.com/ita/a5_orsiggia.htm"
      }
    },
    {
      "type": "Feature",
      "geometry": null,
      "properties": {
        "nome": "Torrente Nervi",
        "nazione": "italia",
        "regione": "Liguria",
        "difficolta": "v3 a2 II",
        "calate": "6, di cui 3 obbligatorie, calata\n\n    più alta 20 metri",
        "calata_max": null,
        "lunghezza": "circa 1 km",
        "dislivello": "160 metri (275-115)",
        "tempi": "1h 15' avvicinamento + 2h + 20' rientro",
        "navetta": "0 km",
        "materiale": "1 corda da 60 metri",
        "kmz_url": null,
        "foto_count": 3,
        "url": "https://www.cicarudeclan.com/ita/a5_nervi.htm"
      }
    },
    {
      "type": "Feature",
      "geometry": null,
      "properties": {
        "nome": "Rio Branega",
        "nazione": "italia",
        "regione": "Liguria",
        "difficolta": "v3 a2 I",
        "calate": "circa 12, calata\n    più alta 20 metri",
        "calata_max": null,
        "lunghezza": "circa 700 m",
        "dislivello": "150 metri (230-80)",
        "tempi": "30' avvicinamento + 1h 30' + 5' rientro",
        "navetta": "0 km",
        "materiale": "1 corda da 60 metri",
        "kmz_url": null,
        "foto_count": 3,
        "url": "https://www.cicarudeclan.com/ita/a5_branega.htm"
      }
    },
    {
      "type": "Feature",
      "geometry": null,
      "properties": {
        "nome": "Rio Poggio",
        "nazione": "italia",
        "regione": "Liguria",
        "difficolta": "v3 a2 II",
        "calate": "2, calata più alta 15 metri",
        "calata_max": "15 metri",
        "lunghezza": "circa 1,3 km",
        "dislivello": "250 metri (400-150)",
        "tempi": "45' avvicinamento + 1h 45' discesa + 10' rientro",
        "navetta": "0 km",
        "materiale": "1 corda da 60 metri",
        "kmz_url": null,
        "foto_count": 3,
        "url": "https://www.cicarudeclan.com/ita/a5_poggio.htm"
      }
    },
    {
      "type": "Feature",
      "geometry": null,
      "properties": {
        "nome": "Rio del Collo",
        "nazione": "italia",
        "regione": "Liguria",
        "difficolta": "v4 a1 II",
        "calate": "8, calata più alta 65 metri (30 + 35)",
        "calata_max": "65 metri",
        "lunghezza": "circa 0,5 km",
        "dislivello": "310 metri (670-360)",
        "tempi": "45' avvicinamento + 2h + 5' rientro",
        "navetta": "0 km",
        "materiale": "3 corde x 60 metri",
        "kmz_url": null,
        "foto_count": 0,
        "url": "https://www.cicarudeclan.com/ita/a5_collo.htm"
      }
    },
    {
      "type": "Feature",
      "geometry": null,
      "properties": {
        "nome": "Rio del Ronchi",
        "nazione": "italia",
        "regione": "Liguria",
        "difficolta": "v3 a2 II",
        "calate": "circa 10, calata più alta 25 metri",
        "calata_max": "25 metri",
        "lunghezza": "circa 1,1 km",
        "dislivello": "220 metri (650-430)",
        "tempi": "15' avvicinamento + 2h 30'",
        "navetta": "1,1 km",
        "materiale": "1 corda x 60 metri",
        "kmz_url": null,
        "foto_count": 0,
        "url": "https://www.cicarudeclan.com/ita/a5_ronchi.htm"
      }
    },
    {
      "type": "Feature",
      "geometry": null,
      "properties": {
        "nome": "Fosso del Molinello",
        "nazione": "italia",
        "regione": "Liguria",
        "difficolta": "v3 a1 IV",
        "calate": "10, calata più alta 30 metri",
        "calata_max": "30 metri",
        "lunghezza": "circa 1,5 km",
        "dislivello": "650 metri (1060-400)",
        "tempi": "30' avvicinamento + 4h + 5' rientro",
        "navetta": "11 km",
        "materiale": "2 corde x 60 metri",
        "kmz_url": null,
        "foto_count": 0,
        "url": "https://www.cicarudeclan.com/ita/a5_molinello.htm"
      }
    },
    {
      "type": "Feature",
      "geometry": null,
      "properties": {
        "nome": "Fosso di Arena",
        "nazione": "italia",
        "regione": "Liguria",
        "difficolta": "v1 a1 II",
        "calate": "2, calata più alta 10 metri",
        "calata_max": "10 metri",
        "lunghezza": "circa 2 km",
        "dislivello": "250 metri (560-310)",
        "tempi": "2h",
        "navetta": "circa 3 km",
        "materiale": "1 corda x 20 metri",
        "kmz_url": null,
        "foto_count": 0,
        "url": "https://www.cicarudeclan.com/ita/a5_arena.htm"
      }
    },
    {
      "type": "Feature",
      "geometry": null,
      "properties": {
        "nome": "Fosso della Braia",
        "nazione": "italia",
        "regione": "Liguria",
        "difficolta": "v3 a1 III",
        "calate": "12, calata più alta 25 metri",
        "calata_max": "25 metri",
        "lunghezza": "circa 0,9 km",
        "dislivello": "275 metri (910-635)",
        "tempi": "30' avvicinamento + 3h + 15' rientro",
        "navetta": "3 km",
        "materiale": "1 corda da 60 metri",
        "kmz_url": null,
        "foto_count": 5,
        "url": "https://www.cicarudeclan.com/ita/a5_braia.htm"
      }
    },
    {
      "type": "Feature",
      "geometry": null,
      "properties": {
        "nome": "Torrente Rissuello",
        "nazione": "italia",
        "regione": "Liguria",
        "difficolta": "v3 a2 III",
        "calate": "7, calata più alta 28 metri",
        "calata_max": "28 metri",
        "lunghezza": "circa 1,6 km",
        "dislivello": "300 m (920-620)",
        "tempi": "1h 20' avvicinamento + 3h + 15' rientro",
        "navetta": "0 km",
        "materiale": "1 corda da 60 metri",
        "kmz_url": null,
        "foto_count": 5,
        "url": "https://www.cicarudeclan.com/ita/a5_rissuello.htm"
      }
    },
    {
      "type": "Feature",
      "geometry": null,
      "properties": {
        "nome": "Fosso Poragine",
        "nazione": "italia",
        "regione": "Liguria",
        "difficolta": "v3 a3 II",
        "calate": "10 armate, più 2 aggirabili o su alberi, calata più alta 22 metri",
        "calata_max": "22 metri",
        "lunghezza": "circa 1 km",
        "dislivello": "350 metri (1200-850)",
        "tempi": "50' avvicinamento + 2h 45' discesa + 10' rientro",
        "navetta": "0 km",
        "materiale": "1 corda da 60 metri",
        "kmz_url": null,
        "foto_count": 3,
        "url": "https://www.cicarudeclan.com/ita/a5_poragine.htm"
      }
    },
    {
      "type": "Feature",
      "geometry": null,
      "properties": {
        "nome": "Fosso Ceresole",
        "nazione": "italia",
        "regione": "Liguria",
        "difficolta": "v3 a2 I",
        "calate": "3, calata più alta 20 metri",
        "calata_max": "20 metri",
        "lunghezza": "circa 400 metri",
        "dislivello": "80 metri (800-720)",
        "tempi": "5' avvicinamento + 40' discesa + 5' rientro",
        "navetta": "0,8 km",
        "materiale": "1 corda da 60 metri",
        "kmz_url": null,
        "foto_count": 2,
        "url": "https://www.cicarudeclan.com/ita/a5_ceresole.htm"
      }
    },
    {
      "type": "Feature",
      "geometry": null,
      "properties": {
        "nome": "Cascata del Ceresole Superiore",
        "nazione": "italia",
        "regione": "Liguria",
        "difficolta": "v3 a1 I",
        "calate": "2, calata più alta 25 metri",
        "calata_max": "25 metri",
        "lunghezza": "circa 0,3 km",
        "dislivello": "50 metri (1200-1150)",
        "tempi": "5' avvicinamento + 30' + 10' rientro",
        "navetta": "0 km",
        "materiale": "1 corda da 60 metri",
        "kmz_url": null,
        "foto_count": 3,
        "url": "https://www.cicarudeclan.com/ita/a5_cascataceresole.htm"
      }
    },
    {
      "type": "Feature",
      "geometry": null,
      "properties": {
        "nome": "Rio Calandrino Superiore",
        "nazione": "italia",
        "regione": "Liguria",
        "difficolta": "v3 a2 III",
        "calate": "14, calata più alta 25 metri",
        "calata_max": "25 metri",
        "lunghezza": "circa 2 km",
        "dislivello": "355 metri (950-595)",
        "tempi": "15' avvicinamento + 4h + 30' rientro",
        "navetta": "circa 17 km",
        "materiale": "1 corda da 60 metri",
        "kmz_url": null,
        "foto_count": 3,
        "url": "https://www.cicarudeclan.com/ita/a5_calandrinosup.htm"
      }
    },
    {
      "type": "Feature",
      "geometry": null,
      "properties": {
        "nome": "Rio Calandrino Inferiore",
        "nazione": "italia",
        "regione": "Liguria",
        "difficolta": "v3 a2 II",
        "calate": "7, calata più alta 15 metri",
        "calata_max": "15 metri",
        "lunghezza": "circa 0,5 km",
        "dislivello": "85 metri (400-315)",
        "tempi": "5' avvicinamento + 1h 30' + 30' rientro",
        "navetta": "0 km",
        "materiale": "1 corda da 60 metri",
        "kmz_url": null,
        "foto_count": 3,
        "url": "https://www.cicarudeclan.com/ita/a5_calandrinoinf.htm"
      }
    },
    {
      "type": "Feature",
      "geometry": null,
      "properties": {
        "nome": "Rio Novelli",
        "nazione": "italia",
        "regione": "Liguria",
        "difficolta": "v3 a3 II",
        "calate": "8, calata max 10 metri",
        "calata_max": null,
        "lunghezza": "circa 1 km",
        "dislivello": "120 metri (350-230)",
        "tempi": "5' avvicinamento + 2h discesa + 5' rientro",
        "navetta": "circa 3 km",
        "materiale": "1 corda da 60 metri",
        "kmz_url": null,
        "foto_count": 1,
        "url": "https://www.cicarudeclan.com/ita/a5_novelli.htm"
      }
    },
    {
      "type": "Feature",
      "geometry": null,
      "properties": {
        "nome": "Rio di Statale",
        "nazione": "italia",
        "regione": "Liguria",
        "difficolta": "v3 a2 I",
        "calate": "4, calata più alta 15 metri",
        "calata_max": "15 metri",
        "lunghezza": "circa 1,3 km",
        "dislivello": "175 metri (550-375)",
        "tempi": "1h 30' + 5' rientro",
        "navetta": "circa 4 km",
        "materiale": "1 corda da 60 metri",
        "kmz_url": null,
        "foto_count": 3,
        "url": "https://www.cicarudeclan.com/ita/a5_statale.htm"
      }
    },
    {
      "type": "Feature",
      "geometry": null,
      "properties": {
        "nome": "Torrente Reppia",
        "nazione": "italia",
        "regione": "Liguria",
        "difficolta": "v2 a1 I",
        "calate": "3, calata più alta 5 metri",
        "calata_max": "5 metri",
        "lunghezza": "circa 1 km",
        "dislivello": "180 metri (700-520)",
        "tempi": "1h avvicinamento + 2h",
        "navetta": "0 km",
        "materiale": "1 corda da 60 metri",
        "kmz_url": null,
        "foto_count": 0,
        "url": "https://www.cicarudeclan.com/ita/a5_reppia.htm"
      }
    },
    {
      "type": "Feature",
      "geometry": null,
      "properties": {
        "nome": "Rio Bargonasco",
        "nazione": "italia",
        "regione": "Liguria",
        "difficolta": "v3 a2 III",
        "calate": "10, calata più alta 20 metri",
        "calata_max": "20 metri",
        "lunghezza": "circa 1600 m",
        "dislivello": "150 metri (320-170)",
        "tempi": "3' avvicinamento + 3h + 40' rientro",
        "navetta": "circa 5 km",
        "materiale": "1 corda da 60 metri",
        "kmz_url": null,
        "foto_count": 3,
        "url": "https://www.cicarudeclan.com/ita/a5_bargonasco.htm"
      }
    },
    {
      "type": "Feature",
      "geometry": null,
      "properties": {
        "nome": "Rio della Cantoniera",
        "nazione": "italia",
        "regione": "Liguria",
        "difficolta": "v2 a1 II",
        "calate": "2, calata più alta 15 metri",
        "calata_max": "15 metri",
        "lunghezza": "circa 1 km",
        "dislivello": "250 metri (525-275)",
        "tempi": "15' avvicinamento + 3h 30' + 15' rientro",
        "navetta": "circa 6 km",
        "materiale": "1 corda da 60 metri",
        "kmz_url": null,
        "foto_count": 1,
        "url": "https://www.cicarudeclan.com/ita/a5_cantoniera.htm"
      }
    },
    {
      "type": "Feature",
      "geometry": null,
      "properties": {
        "nome": "Rio San Giorgio",
        "nazione": "italia",
        "regione": "Liguria",
        "difficolta": "v3 a1 II",
        "calate": "8, calata più alta 35 metri",
        "calata_max": "35 metri",
        "lunghezza": "circa 0,3 km",
        "dislivello": "110  metri (150-40)",
        "tempi": "5' avvicinamento + 2h 30' + 5'",
        "navetta": "circa 1 km",
        "materiale": "2 corde x 60 metri",
        "kmz_url": null,
        "foto_count": 0,
        "url": "https://www.cicarudeclan.com/ita/a5_sgiorgio_rio.htm"
      }
    },
    {
      "type": "Feature",
      "geometry": null,
      "properties": {
        "nome": "Torrente San Giorgio",
        "nazione": "italia",
        "regione": "Liguria",
        "difficolta": "v3 a2 III",
        "calate": "14, calata più alta 27 m",
        "calata_max": "27 metri",
        "lunghezza": "circa 0,9 km",
        "dislivello": "350 metri (390-40)",
        "tempi": "5' avvicinamento + 2h 30' + 5'",
        "navetta": "circa 7 km",
        "materiale": "2 corde x 60 metri",
        "kmz_url": null,
        "foto_count": 0,
        "url": "https://www.cicarudeclan.com/ita/a5_sgiorgio_torr.htm"
      }
    },
    {
      "type": "Feature",
      "geometry": null,
      "properties": {
        "nome": "Rio di Vandarecca",
        "nazione": "italia",
        "regione": "Liguria",
        "difficolta": "v3 a1 I",
        "calate": "7, calata più alta 20 metri",
        "calata_max": "20 metri",
        "lunghezza": "circa 0,3 km",
        "dislivello": "150 metri (150-0)",
        "tempi": "10' avvicinamento + 1h 30' + 15' rientro",
        "navetta": "0 km",
        "materiale": "1 corda x 60 metri",
        "kmz_url": null,
        "foto_count": 0,
        "url": "https://www.cicarudeclan.com/ita/a5_vandarecca.htm"
      }
    },
    {
      "type": "Feature",
      "geometry": null,
      "properties": {
        "nome": "Torrente Adelano - Gottero",
        "nazione": "italia",
        "regione": "Liguria",
        "difficolta": "v3 a3 III",
        "calate": "4, calata più alta 20 metri",
        "calata_max": "20 metri",
        "lunghezza": "circa 2,5 km",
        "dislivello": "220 metri (680-460)",
        "tempi": "10' avvicinamento + 3h + 10' rientro",
        "navetta": "circa 7 km",
        "materiale": "1 corda da 60 metri",
        "kmz_url": null,
        "foto_count": 3,
        "url": "https://www.cicarudeclan.com/ita/a5_adelano.htm"
      }
    },
    {
      "type": "Feature",
      "geometry": null,
      "properties": {
        "nome": "Rio Chiusola - Torrente Gottero",
        "nazione": "italia",
        "regione": "Liguria",
        "difficolta": "v3 a3 III",
        "calate": "6, calata più alta 15 metri",
        "calata_max": "15 metri",
        "lunghezza": "circa 1,3 km",
        "dislivello": "120 metri (590-470)",
        "tempi": "5' avvicinamento + 2h + 10' rientro",
        "navetta": "1,7 km",
        "materiale": "1 corda da 60 metri",
        "kmz_url": null,
        "foto_count": 0,
        "url": "https://www.cicarudeclan.com/ita/a5_chiusola.htm"
      }
    },
    {
      "type": "Feature",
      "geometry": null,
      "properties": {
        "nome": "Torrente Chalamy",
        "nazione": "italia",
        "regione": "Valle d'Aosta",
        "difficolta": "v3 a3 II",
        "calate": "8, calata più alta 30 metri",
        "calata_max": "30 metri",
        "lunghezza": "circa 1 km",
        "dislivello": "250 metri (730-480)",
        "tempi": "20' avvicinamento + 2h discesa + 5' rientro",
        "navetta": "circa 4 km",
        "materiale": "1 corda da 60 metri",
        "kmz_url": null,
        "foto_count": 3,
        "url": "https://www.cicarudeclan.com/ita/a5_chala.htm"
      }
    },
    {
      "type": "Feature",
      "geometry": null,
      "properties": {
        "nome": "Gettaz",
        "nazione": "italia",
        "regione": "Valle d'Aosta",
        "difficolta": "v3 a2 II",
        "calate": "9, calata max 30 metri",
        "calata_max": null,
        "lunghezza": "circa 0,5 km",
        "dislivello": "260 metri (990 - 730)",
        "tempi": "20' avvicinamento + 2h discesa + 20' fino a partenza Chalamy",
        "navetta": "3 km",
        "materiale": "2 corde da 60 metri",
        "kmz_url": null,
        "foto_count": 1,
        "url": "https://www.cicarudeclan.com/ita/a5_gettaz.htm"
      }
    },
    {
      "type": "Feature",
      "geometry": null,
      "properties": {
        "nome": "Torrente Brenve",
        "nazione": "italia",
        "regione": "Valle d'Aosta",
        "difficolta": null,
        "calate": null,
        "calata_max": null,
        "lunghezza": null,
        "dislivello": null,
        "tempi": null,
        "navetta": null,
        "materiale": null,
        "kmz_url": "https://www.cicarudeclan.com/GEarth/Torrente%20Brenve.kmz",
        "foto_count": 3,
        "url": "https://www.cicarudeclan.com/ita/a5_brenve.htm"
      }
    },
    {
      "type": "Feature",
      "geometry": null,
      "properties": {
        "nome": "Torrente Bouro",
        "nazione": "italia",
        "regione": "Valle d'Aosta",
        "difficolta": "v4 a4 II",
        "calate": "6, max 50 metri (30+20)",
        "calata_max": null,
        "lunghezza": "circa 0,5 km",
        "dislivello": "130 metri (980-850)",
        "tempi": "30' avvicinamento + 2h",
        "navetta": "0 km",
        "materiale": "2 corde x 60 metri",
        "kmz_url": null,
        "foto_count": 0,
        "url": "https://www.cicarudeclan.com/ita/a5_bouro.htm"
      }
    },
    {
      "type": "Feature",
      "geometry": null,
      "properties": {
        "nome": "Gole del Sorba",
        "nazione": "italia",
        "regione": "Piemonte",
        "difficolta": "v2 a4 II",
        "calate": "2,\n    nessuna obbligatoria, calata più alta 15 metri",
        "calata_max": "15 metri",
        "lunghezza": "circa\n    1 km",
        "dislivello": "50\n    metri (800-750)",
        "tempi": "1h\n    30’ discesa + 15’ rientro",
        "navetta": "0\n    km",
        "materiale": "1 corda da 60 metri, eventualmente giubbotto salvagente",
        "kmz_url": null,
        "foto_count": 0,
        "url": "https://www.cicarudeclan.com/ita/a5_sorba.htm"
      }
    },
    {
      "type": "Feature",
      "geometry": null,
      "properties": {
        "nome": "Rio del Laghetto",
        "nazione": "italia",
        "regione": "Piemonte",
        "difficolta": "v4 a2 II",
        "calate": "11, max 70 metri (30 + 40)",
        "calata_max": null,
        "lunghezza": "circa 1 km",
        "dislivello": "200 metri (1100-900)",
        "tempi": "55’\n\n    avvicinamento + 2h 45’ discesa + 10’ rientro",
        "navetta": "0\n\n    km",
        "materiale": "3 corde da 60 metri",
        "kmz_url": null,
        "foto_count": 0,
        "url": "https://www.cicarudeclan.com/ita/a5_campe.htm"
      }
    },
    {
      "type": "Feature",
      "geometry": null,
      "properties": {
        "nome": "Valle Artogna",
        "nazione": "italia",
        "regione": "Piemonte",
        "difficolta": "v4 a5 II",
        "calate": "4 obbligatorie, calata più alta 40 metri",
        "calata_max": "40 metri",
        "lunghezza": "circa\n    2 km",
        "dislivello": "210\n    metri (1090-880)",
        "tempi": "45'\n    avvicinamento + 4h discesa + 5' rientro",
        "navetta": "0\n    km",
        "materiale": "2 corde da 60 metri, giubbotto salvagente",
        "kmz_url": null,
        "foto_count": 0,
        "url": "https://www.cicarudeclan.com/ita/a5_artogna.htm"
      }
    },
    {
      "type": "Feature",
      "geometry": null,
      "properties": {
        "nome": "Rio Rasiga",
        "nazione": "italia",
        "regione": "Piemonte",
        "difficolta": "v3 a2 III",
        "calate": "14, più alta 25 metri",
        "calata_max": null,
        "lunghezza": "circa 1 km",
        "dislivello": "175 metri (695-520)",
        "tempi": "40' avvicinamento + 3h + 10' rientro",
        "navetta": "0 km",
        "materiale": "1 corda da 60 m",
        "kmz_url": null,
        "foto_count": 2,
        "url": "https://www.cicarudeclan.com/ita/a5_foresto.htm"
      }
    },
    {
      "type": "Feature",
      "geometry": null,
      "properties": {
        "nome": "Rio Sessi",
        "nazione": "italia",
        "regione": "Piemonte",
        "difficolta": "v3 a4 II",
        "calate": "14, alcune evitabili con tuffo. La più alta è 25 m.",
        "calata_max": null,
        "lunghezza": "circa 1,5 km",
        "dislivello": "220 metri (610-390)",
        "tempi": "3h + 10' rientro",
        "navetta": "3,2 km",
        "materiale": "1 corda da 60 m",
        "kmz_url": "https://www.cicarudeclan.com/GEarth/Rio Sessi.kmz",
        "foto_count": 1,
        "url": "https://www.cicarudeclan.com/ita/a5_sessi.htm"
      }
    },
    {
      "type": "Feature",
      "geometry": null,
      "properties": {
        "nome": "Rio Claretto Inferiore",
        "nazione": "italia",
        "regione": "Piemonte",
        "difficolta": "v6 a2 III",
        "calate": "10, calata più alta 150 metri, frazionata 20 (con deviatore) + mancorrente + 70 riva sx + 60 riva sx",
        "calata_max": "150 metri",
        "lunghezza": "circa 500 metri",
        "dislivello": "250 metri (1100-850)",
        "tempi": "1h avvicinamento + 3h discesa + 5' rientro",
        "navetta": "0 km",
        "materiale": "4 corde da 70 metri",
        "kmz_url": null,
        "foto_count": 5,
        "url": "https://www.cicarudeclan.com/ita/a5_clarettoinf.htm"
      }
    },
    {
      "type": "Feature",
      "geometry": null,
      "properties": {
        "nome": "Rio Claretto Superiore",
        "nazione": "italia",
        "regione": "Piemonte",
        "difficolta": "v5 a1 V",
        "calate": "24, calata più alta 40 metri",
        "calata_max": "40 metri",
        "lunghezza": "circa 1 km",
        "dislivello": "380 metri (1480-1100)",
        "tempi": "2h avvicinamento + 5h + 30' rientro",
        "navetta": "0 km",
        "materiale": "2 corde da 60 metri",
        "kmz_url": null,
        "foto_count": 5,
        "url": "https://www.cicarudeclan.com/ita/a5_clarettosup.htm"
      }
    },
    {
      "type": "Feature",
      "geometry": null,
      "properties": {
        "nome": "Rio Marderello",
        "nazione": "italia",
        "regione": "Piemonte",
        "difficolta": "v5 a2 IV",
        "calate": "25, calata più alta 60 metri",
        "calata_max": "60 metri",
        "lunghezza": "circa 1,3 km",
        "dislivello": "600 metri (1450-850)",
        "tempi": "1h 45' avvicinamento + 7h discesa + 5' rientro",
        "navetta": "0 km",
        "materiale": "3 corde da 60 metri",
        "kmz_url": null,
        "foto_count": 0,
        "url": "https://www.cicarudeclan.com/ita/a5_marderello.htm"
      }
    },
    {
      "type": "Feature",
      "geometry": null,
      "properties": {
        "nome": "Rio Seguret",
        "nazione": "italia",
        "regione": "Piemonte",
        "difficolta": "v4 a1 IV",
        "calate": "25, calata più alta 40 metri",
        "calata_max": "40 metri",
        "lunghezza": "circa 0,8 km",
        "dislivello": "360 metri (1490-1130)",
        "tempi": "1h 15' avvicinamento + 4h 30'",
        "navetta": "0 km",
        "materiale": "2 corde da 60 metri",
        "kmz_url": "https://www.cicarudeclan.com/GEarth/Rio Seguret.kmz",
        "foto_count": 3,
        "url": "https://www.cicarudeclan.com/ita/a5_seguret.htm"
      }
    },
    {
      "type": "Feature",
      "geometry": null,
      "properties": {
        "nome": "Rio Bianco",
        "nazione": "italia",
        "regione": "Piemonte",
        "difficolta": "v5 a3 IV",
        "calate": "circa 14, più alta 40 metri",
        "calata_max": null,
        "lunghezza": "circa\n    900 m",
        "dislivello": "400 metri (1800-1400)",
        "tempi": "1h 30' avvicinamento + 4 h + 30' rientro",
        "navetta": "0 km",
        "materiale": "2 corde da 60 m",
        "kmz_url": null,
        "foto_count": 3,
        "url": "https://www.cicarudeclan.com/ita/a5_bianco.htm"
      }
    },
    {
      "type": "Feature",
      "geometry": null,
      "properties": {
        "nome": "Cascata delle Barricate",
        "nazione": "italia",
        "regione": "Piemonte",
        "difficolta": "v5 a1 V",
        "calate": "19, calata più alta 60 metri (10+50)",
        "calata_max": "60 metri",
        "lunghezza": "circa 0,8 km",
        "dislivello": "500 metri (1910-1410)",
        "tempi": "3h avvicinamento + 4h 30' + 20' rientro",
        "navetta": "2 km",
        "materiale": "3 corde da 60 metri",
        "kmz_url": null,
        "foto_count": 0,
        "url": "https://www.cicarudeclan.com/ita/a5_barricate.htm"
      }
    },
    {
      "type": "Feature",
      "geometry": null,
      "properties": {
        "nome": "Rio di Crealla",
        "nazione": "italia",
        "regione": "Piemonte",
        "difficolta": "v5 a4 III",
        "calate": "16, calata più alta 40 metri",
        "calata_max": "40 metri",
        "lunghezza": "circa 1,8 km",
        "dislivello": "300 metri (700-400)",
        "tempi": "30' avvicinamento + 5h + 15' rientro",
        "navetta": "circa 8 km",
        "materiale": "2 corde da 60 metri",
        "kmz_url": null,
        "foto_count": 5,
        "url": "https://www.cicarudeclan.com/ita/a5_crealla.htm"
      }
    },
    {
      "type": "Feature",
      "geometry": null,
      "properties": {
        "nome": "Orrido di Sant'Anna",
        "nazione": "italia",
        "regione": "Piemonte",
        "difficolta": "v1 a5 III",
        "calate": "nessuna\n    obbligatoria, a meno di forti portate",
        "calata_max": null,
        "lunghezza": "5 km circa",
        "dislivello": "100 metri\n    (400 - 300)",
        "tempi": "4h (discesa\n    senza l'uso della corda)",
        "navetta": "6 km circa",
        "materiale": "uno spezzone di corda per mancorrenti o bassi risalti, corda da lancio",
        "kmz_url": null,
        "foto_count": 0,
        "url": "https://www.cicarudeclan.com/ita/a5_anna.htm"
      }
    },
    {
      "type": "Feature",
      "geometry": null,
      "properties": {
        "nome": "Rio Marona",
        "nazione": "italia",
        "regione": "Piemonte",
        "difficolta": "v5 a4 III",
        "calate": "10, calata più alta 40 metri (15+25)",
        "calata_max": "40 metri",
        "lunghezza": "circa 1,5 km",
        "dislivello": "275 metri (775-500)",
        "tempi": "1h 30' avvicinamento + 4h + 45' rientro",
        "navetta": "0 km",
        "materiale": "2 corde da 60 metri",
        "kmz_url": null,
        "foto_count": 0,
        "url": "https://www.cicarudeclan.com/ita/a5_marona.htm"
      }
    },
    {
      "type": "Feature",
      "geometry": null,
      "properties": {
        "nome": "Rio Mondelli",
        "nazione": "italia",
        "regione": "Piemonte",
        "difficolta": "v5 a5 IV",
        "calate": "27 (13 + 14), calata più alta 35 metri",
        "calata_max": "35 metri",
        "lunghezza": "circa\n    1 km (400 m + 600 m)",
        "dislivello": "360 metri (1280 -1150 / 920)",
        "tempi": "20'\n    avvicinamento + 2h 30' discesa (I parte) + 4h (II parte) + 15' rientro",
        "navetta": "0\n    km per la parte alta / 3,5 km per l'integrale",
        "materiale": "2 corde da 60 m e una da 15 m da lasciare in sede per la risalita finale",
        "kmz_url": "https://www.cicarudeclan.com/GEarth/Rio Mondelli.kmz",
        "foto_count": 3,
        "url": "https://www.cicarudeclan.com/ita/a5_monde.htm"
      }
    },
    {
      "type": "Feature",
      "geometry": null,
      "properties": {
        "nome": "Cascate di Prequartera",
        "nazione": "italia",
        "regione": "Piemonte",
        "difficolta": "v4 a1 IV",
        "calate": "17, calata più alta 75 m",
        "calata_max": "75 metri",
        "lunghezza": "circa 1 km",
        "dislivello": "700 metri (1560-860)",
        "tempi": "2h avvicinamento + 5h + 5' rientro",
        "navetta": "0 km",
        "materiale": "3 corde da 70 metri",
        "kmz_url": null,
        "foto_count": 3,
        "url": "https://www.cicarudeclan.com/ita/a5_prequartera.htm"
      }
    },
    {
      "type": "Feature",
      "geometry": null,
      "properties": {
        "nome": "Val Moriana",
        "nazione": "italia",
        "regione": "Piemonte",
        "difficolta": "v4 a2 III",
        "calate": "16, calata più alta 45 metri",
        "calata_max": "45 metri",
        "lunghezza": "circa 1,2 km",
        "dislivello": "280 metri (1290-1010)",
        "tempi": "45' avvicinamento + 3 h 30' + 10' rientro",
        "navetta": "0 km",
        "materiale": "2 corde da 60 metri",
        "kmz_url": null,
        "foto_count": 5,
        "url": "https://www.cicarudeclan.com/ita/a5_moriana.htm"
      }
    },
    {
      "type": "Feature",
      "geometry": null,
      "properties": {
        "nome": "Rio Lasino",
        "nazione": "italia",
        "regione": "Piemonte",
        "difficolta": "v4 a2 III",
        "calate": "16, calata più alta 50 metri",
        "calata_max": "50 metri",
        "lunghezza": "circa 600 m",
        "dislivello": "275 metri (1000-725)",
        "tempi": "40' avvicinamento + 3h 30'",
        "navetta": "circa 1,7 km",
        "materiale": "3 corde da 60 metri",
        "kmz_url": null,
        "foto_count": 3,
        "url": "https://www.cicarudeclan.com/ita/a5_lasino.htm"
      }
    },
    {
      "type": "Feature",
      "geometry": null,
      "properties": {
        "nome": "Torrente Croto (Rio Rosso)",
        "nazione": "italia",
        "regione": "Piemonte",
        "difficolta": "v3 a2 III",
        "calate": "10, calata più alta 35 metri",
        "calata_max": "35 metri",
        "lunghezza": "circa 0,4 km",
        "dislivello": "200 metri (880-680)",
        "tempi": "45' avvicinamento + 2 h + 5' rientro",
        "navetta": "0 km",
        "materiale": "2 corde da 60 metri",
        "kmz_url": null,
        "foto_count": 0,
        "url": "https://www.cicarudeclan.com/ita/a5_crotorosso.htm"
      }
    },
    {
      "type": "Feature",
      "geometry": null,
      "properties": {
        "nome": "Val Bianca",
        "nazione": "italia",
        "regione": "Piemonte",
        "difficolta": "v5 a3 II",
        "calate": "8, cascata più alta 92 metri (32 + 18 + 42)",
        "calata_max": null,
        "lunghezza": "circa 0,7 km",
        "dislivello": "170 metri (670-500)",
        "tempi": "2h",
        "navetta": "3 km",
        "materiale": "3 corde da 60 metri",
        "kmz_url": null,
        "foto_count": 3,
        "url": "https://www.cicarudeclan.com/ita/a5_bianca.htm"
      }
    },
    {
      "type": "Feature",
      "geometry": null,
      "properties": {
        "nome": "Rio di Gulo",
        "nazione": "italia",
        "regione": "Piemonte",
        "difficolta": "v4 a1 III",
        "calate": "10, calata più alta 65 m (10 + 55)",
        "calata_max": "65 metri",
        "lunghezza": "circa 700 metri",
        "dislivello": "300 metri (570-270)",
        "tempi": "15' avvicinamento + 2h 30' + 30' rientro",
        "navetta": "circa 5,5 km",
        "materiale": "3 corde da 60 metri",
        "kmz_url": null,
        "foto_count": 3,
        "url": "https://www.cicarudeclan.com/ita/a5_gulo.htm"
      }
    },
    {
      "type": "Feature",
      "geometry": null,
      "properties": {
        "nome": "Rio Rasiga",
        "nazione": "italia",
        "regione": "Piemonte",
        "difficolta": "v5 a5 V",
        "calate": "38, calata più alta 25 metri",
        "calata_max": "25 metri",
        "lunghezza": "circa 3 km",
        "dislivello": "500 metri (1230-730)",
        "tempi": "20' avvicinamento + 7 h + 15' rientro",
        "navetta": "8,4 km",
        "materiale": "2 corde da 60 m",
        "kmz_url": null,
        "foto_count": 3,
        "url": "https://www.cicarudeclan.com/ita/a5_rasiga.htm"
      }
    },
    {
      "type": "Feature",
      "geometry": null,
      "properties": {
        "nome": "Rio Variola Inferiore",
        "nazione": "italia",
        "regione": "Piemonte",
        "difficolta": "v6 a4 IV",
        "calate": "11, calata più alta 35 metri",
        "calata_max": "35 metri",
        "lunghezza": "circa 800 metri",
        "dislivello": "245 metri (745-500)",
        "tempi": "40' avvicinamento + 3h discesa + 5' rientro",
        "navetta": "1,5 km",
        "materiale": "2 corde da 60 metri",
        "kmz_url": null,
        "foto_count": 3,
        "url": "https://www.cicarudeclan.com/ita/a5_variolainf.htm"
      }
    },
    {
      "type": "Feature",
      "geometry": null,
      "properties": {
        "nome": "Rio Variola Superiore",
        "nazione": "italia",
        "regione": "Piemonte",
        "difficolta": "v4 a5 IV",
        "calate": "20, calata più alta 25 metri",
        "calata_max": "25 metri",
        "lunghezza": "circa 1,6 km",
        "dislivello": "230 metri (1110-880)",
        "tempi": "1h 15' avvicinamento + 4h 30' + 35' rientro",
        "navetta": "0 km",
        "materiale": "2 corde da 60 metri",
        "kmz_url": null,
        "foto_count": 3,
        "url": "https://www.cicarudeclan.com/ita/a5_variolasup.htm"
      }
    },
    {
      "type": "Feature",
      "geometry": null,
      "properties": {
        "nome": "Rio della Valletta",
        "nazione": "italia",
        "regione": "Piemonte",
        "difficolta": "v4 a2 II",
        "calate": "6, calata più alta 32 metri",
        "calata_max": "32 metri",
        "lunghezza": "circa 0,5 km",
        "dislivello": "180 metri (790-610)",
        "tempi": "30' avvicinamento + 2h",
        "navetta": "0 km",
        "materiale": "2 corde x 60 metri",
        "kmz_url": null,
        "foto_count": 0,
        "url": "https://www.cicarudeclan.com/ita/a5_valletta.htm"
      }
    },
    {
      "type": "Feature",
      "geometry": null,
      "properties": {
        "nome": "Rio Deseno Inferiore",
        "nazione": "italia",
        "regione": "Piemonte",
        "difficolta": "v4 a2 III",
        "calate": "21, calata più alta 42 metri",
        "calata_max": "42 metri",
        "lunghezza": "circa 0,6 km",
        "dislivello": "285 metri (695-410)",
        "tempi": "1h avvicinamento + 4 h + 10' rientro",
        "navetta": "1,5 km",
        "materiale": "2 corde da 60 metri",
        "kmz_url": null,
        "foto_count": 0,
        "url": "https://www.cicarudeclan.com/ita/a5_desenoinf.htm"
      }
    },
    {
      "type": "Feature",
      "geometry": null,
      "properties": {
        "nome": "Rio Antolina",
        "nazione": "italia",
        "regione": "Piemonte",
        "difficolta": "v5 a2 IV",
        "calate": "15, calata più alta 55 metri",
        "calata_max": "55 metri",
        "lunghezza": "circa 800 metri",
        "dislivello": "260 metri (850-590)",
        "tempi": "30' avvicinamento + 3h 30' discesa + 5' rientro",
        "navetta": "1,8 km",
        "materiale": "2 corde da 60 metri",
        "kmz_url": null,
        "foto_count": 3,
        "url": "https://www.cicarudeclan.com/ita/a5_antolina.htm"
      }
    },
    {
      "type": "Feature",
      "geometry": null,
      "properties": {
        "nome": "Rio d'Alba",
        "nazione": "italia",
        "regione": "Piemonte",
        "difficolta": "v6 a4 V",
        "calate": "circa 28, calata più alta 65 metri",
        "calata_max": "65 metri",
        "lunghezza": "circa 1,4 km",
        "dislivello": "600 metri (1335-735)",
        "tempi": "2 h avvicinamento + 6h 30' + 30'  rientro",
        "navetta": "0 km",
        "materiale": "3 corde da 70 metri",
        "kmz_url": null,
        "foto_count": 0,
        "url": "https://www.cicarudeclan.com/ita/a5_albapremia.htm"
      }
    },
    {
      "type": "Feature",
      "geometry": null,
      "properties": {
        "nome": "Rio degli Orti",
        "nazione": "italia",
        "regione": "Piemonte",
        "difficolta": "v4 a2 IV",
        "calate": "21, calata più alta 30 metri",
        "calata_max": "30 metri",
        "lunghezza": "circa 1,3 km",
        "dislivello": "450 metri (1200-750)",
        "tempi": "1h 15' avvicinamento + 4h 30' + 10' rientro",
        "navetta": "0 km",
        "materiale": "2 corde da 60 metri",
        "kmz_url": null,
        "foto_count": 5,
        "url": "https://www.cicarudeclan.com/ita/a5_orti.htm"
      }
    },
    {
      "type": "Feature",
      "geometry": null,
      "properties": {
        "nome": "Rio d'Antin",
        "nazione": "italia",
        "regione": "Piemonte",
        "difficolta": "v5 a4 V",
        "calate": "24, calata più alta 55 metri (15 + 40)",
        "calata_max": "55 metri",
        "lunghezza": "circa 1,2 km",
        "dislivello": "615 metri (1365-750)",
        "tempi": "2h avvicinamento + 6h + 15' rientro",
        "navetta": "0 km",
        "materiale": "3 corde da 60 metri",
        "kmz_url": null,
        "foto_count": 5,
        "url": "https://www.cicarudeclan.com/ita/a5_antin.htm"
      }
    },
    {
      "type": "Feature",
      "geometry": null,
      "properties": {
        "nome": "Rio Usella",
        "nazione": "italia",
        "regione": "Piemonte",
        "difficolta": "v6 a3 IV",
        "calate": "49 (24 + 25), max 120 metri (50 + 30 + 40)",
        "calata_max": null,
        "lunghezza": "circa 1700 m",
        "dislivello": "1000 metri (1775-775)",
        "tempi": "3h 30' accesso + 9 / 11 h + 10' rientro(solo parte bassa da q. 1170: 1h 45' accesso + 4h 30')",
        "navetta": "0 km",
        "materiale": "almeno 3 corde da 60 metri",
        "kmz_url": null,
        "foto_count": 3,
        "url": "https://www.cicarudeclan.com/ita/a5_usella.htm"
      }
    },
    {
      "type": "Feature",
      "geometry": null,
      "properties": {
        "nome": "Rio Fruetta",
        "nazione": "italia",
        "regione": "Piemonte",
        "difficolta": "v5 a1 IV",
        "calate": "15, calata più alta 100 metri (26 + 45 + 30)",
        "calata_max": "100 metri",
        "lunghezza": "circa 0,6 km",
        "dislivello": "400 metri (1170-770)",
        "tempi": "1h 30' avvicinamento + 4h + 15'rientro",
        "navetta": "0 km",
        "materiale": "3 corde da 60 metri",
        "kmz_url": null,
        "foto_count": 5,
        "url": "https://www.cicarudeclan.com/ita/a5_fruetta.htm"
      }
    },
    {
      "type": "Feature",
      "geometry": null,
      "properties": {
        "nome": "Rio Fiume",
        "nazione": "italia",
        "regione": "Piemonte",
        "difficolta": "v6 a1 IV",
        "calate": "7, max 60 metri",
        "calata_max": null,
        "lunghezza": "circa 0,1 km",
        "dislivello": "250 metri (1070-820)",
        "tempi": "1h avvicinamento + 3h 30' + 5' rientro",
        "navetta": "0 km",
        "materiale": "4 corde da 60 metri",
        "kmz_url": null,
        "foto_count": 3,
        "url": "https://www.cicarudeclan.com/ita/a5_fiume.htm"
      }
    },
    {
      "type": "Feature",
      "geometry": null,
      "properties": {
        "nome": "Valle Isorno Inferiore",
        "nazione": "italia",
        "regione": "Piemonte",
        "difficolta": "v4 a4 IV",
        "calate": "10, alcune evitabili, calata più alta 30 metri",
        "calata_max": "30 metri",
        "lunghezza": "circa 3 km",
        "dislivello": "450 metri (920-470)",
        "tempi": "10' avvicinamento + 5h discesa + 5' rientro",
        "navetta": "circa 13 km",
        "materiale": "1 corda da 60 metri",
        "kmz_url": null,
        "foto_count": 3,
        "url": "https://www.cicarudeclan.com/ita/a5_isornoinf.htm"
      }
    },
    {
      "type": "Feature",
      "geometry": null,
      "properties": {
        "nome": "Rio Antoliva",
        "nazione": "italia",
        "regione": "Piemonte",
        "difficolta": "v3 a3 III",
        "calate": "circa 25, calata più alta 20 metri",
        "calata_max": "20 metri",
        "lunghezza": "circa 1,8 km",
        "dislivello": "300 metri (1040-740)",
        "tempi": "45' avvicinamento + 4h + 5' rientro",
        "navetta": "0 km",
        "materiale": "2 corde da 60 metri",
        "kmz_url": null,
        "foto_count": 0,
        "url": "https://www.cicarudeclan.com/ita/a5_antoliva.htm"
      }
    },
    {
      "type": "Feature",
      "geometry": null,
      "properties": {
        "nome": "Ogliana di Beura (Rio delle Rovine)",
        "nazione": "italia",
        "regione": "Piemonte",
        "difficolta": "v4 a4 IV",
        "calate": "14, calata più alta 25 metri",
        "calata_max": "25 metri",
        "lunghezza": "circa 3 km",
        "dislivello": "340 metri (630-290)",
        "tempi": "2h avvicinamento + 5h + 10' rientro",
        "navetta": "0 km",
        "materiale": "1 corda da 60 metri",
        "kmz_url": null,
        "foto_count": 3,
        "url": "https://www.cicarudeclan.com/ita/a5_rovine.htm"
      }
    },
    {
      "type": "Feature",
      "geometry": null,
      "properties": {
        "nome": "Ogliana di Quarata",
        "nazione": "italia",
        "regione": "Piemonte",
        "difficolta": "v5 a4 V",
        "calate": "23, calata più alta 35 metri",
        "calata_max": "35 metri",
        "lunghezza": "circa 2 km",
        "dislivello": "330 metri (580 - 250)",
        "tempi": "1h 30' avvicinamento + 5h 30' + 5' rientro",
        "navetta": "0 km",
        "materiale": "3 corde da 60 metri",
        "kmz_url": null,
        "foto_count": 3,
        "url": "https://www.cicarudeclan.com/ita/a5_ogliana.htm"
      }
    },
    {
      "type": "Feature",
      "geometry": null,
      "properties": {
        "nome": "Rio di Prata",
        "nazione": "italia",
        "regione": "Piemonte",
        "difficolta": "v4 a2 III",
        "calate": "10, calata più alta 45 metri",
        "calata_max": "45 metri",
        "lunghezza": "circa 1,5 km",
        "dislivello": "360 metri (600 - 240)",
        "tempi": "1h avvicinamento + 3h + 10' rientro",
        "navetta": "0 km",
        "materiale": "3 corde da 60 metri",
        "kmz_url": null,
        "foto_count": 3,
        "url": "https://www.cicarudeclan.com/ita/a5_prata.htm"
      }
    },
    {
      "type": "Feature",
      "geometry": null,
      "properties": {
        "nome": "Rio del Ponte",
        "nazione": "italia",
        "regione": "Piemonte",
        "difficolta": "v4 a2 III",
        "calate": "26, calata più alta 30 metri",
        "calata_max": "30 metri",
        "lunghezza": "circa 1 km",
        "dislivello": "350 metri (600-250)",
        "tempi": "0' avvicinamento + 4 h + 5' rientro",
        "navetta": "4,5 km",
        "materiale": "2 corde da 60 metri",
        "kmz_url": null,
        "foto_count": 0,
        "url": "https://www.cicarudeclan.com/ita/a5_ponte.htm"
      }
    },
    {
      "type": "Feature",
      "geometry": null,
      "properties": {
        "nome": "Rio Dresio",
        "nazione": "italia",
        "regione": "Piemonte",
        "difficolta": "v3 a3 II",
        "calate": "7, calata più alta 25 metri",
        "calata_max": "25 metri",
        "lunghezza": "circa 0,8 km",
        "dislivello": "220 metri (450-230)",
        "tempi": "20' avvicinamento + 1h 30' discesa",
        "navetta": "2 km",
        "materiale": "1 corda da 60 metri",
        "kmz_url": null,
        "foto_count": 0,
        "url": "https://www.cicarudeclan.com/ita/a5_dresio.htm"
      }
    },
    {
      "type": "Feature",
      "geometry": null,
      "properties": {
        "nome": "Le Vene del Tanaro",
        "nazione": "italia",
        "regione": "Piemonte",
        "difficolta": "v4 a4 II",
        "calate": "13, calata più alta 20 metri",
        "calata_max": "20 metri",
        "lunghezza": "0,9 km circa",
        "dislivello": "190 metri (1270-1080)",
        "tempi": "2h discesa + 1h rientro",
        "navetta": "0 km",
        "materiale": "1 corda da 60 metri",
        "kmz_url": null,
        "foto_count": 3,
        "url": "https://www.cicarudeclan.com/ita/a5_vene.htm"
      }
    },
    {
      "type": "Feature",
      "geometry": null,
      "properties": {
        "nome": "Rio di Prale",
        "nazione": "italia",
        "regione": "Piemonte",
        "difficolta": "v3 a2 III",
        "calate": "12, calata più alta 12 metri",
        "calata_max": "12 metri",
        "lunghezza": "0,5 km circa",
        "dislivello": "105 metri (905-800)",
        "tempi": "5' avvicinamento + 1h 45' discesa + 10' rientro",
        "navetta": "1,8 km",
        "materiale": "2 corde da 30 metri",
        "kmz_url": null,
        "foto_count": 3,
        "url": "https://www.cicarudeclan.com/ita/a5_prale.htm"
      }
    },
    {
      "type": "Feature",
      "geometry": null,
      "properties": {
        "nome": "Rio Lavagetta",
        "nazione": "italia",
        "regione": "Piemonte",
        "difficolta": "v1 a1 II",
        "calate": "n.a.",
        "calata_max": null,
        "lunghezza": "circa 0,8 km",
        "dislivello": "285 metri (700-415)",
        "tempi": "1h avvicinamento + 1h 30' discesa + 15' rientro",
        "navetta": "circa 3,2 km",
        "materiale": "n.a.",
        "kmz_url": null,
        "foto_count": 0,
        "url": "https://www.cicarudeclan.com/ita/a5_lavagetta.htm"
      }
    },
    {
      "type": "Feature",
      "geometry": null,
      "properties": {
        "nome": "Torrente Ponzema",
        "nazione": "italia",
        "regione": "Piemonte",
        "difficolta": "v2 a1 III",
        "calate": "1, alta 8 metri",
        "calata_max": null,
        "lunghezza": "circa 2 km",
        "dislivello": "250 metri (790-540)",
        "tempi": "10' avvicinamento + 1h 30' + 1h 30' rientro",
        "navetta": "0 km",
        "materiale": "1 corda da 20 m",
        "kmz_url": null,
        "foto_count": 0,
        "url": "https://www.cicarudeclan.com/ita/a5_ponzema.htm"
      }
    },
    {
      "type": "Feature",
      "geometry": null,
      "properties": {
        "nome": "Rio Acquestriate",
        "nazione": "italia",
        "regione": "Piemonte",
        "difficolta": "v3 a2 II",
        "calate": "4, calata più alta 18 metri",
        "calata_max": "18 metri",
        "lunghezza": "circa 0,9 km",
        "dislivello": "150 metri (650-500)",
        "tempi": "1h 30' avvicinamento + 1h 30' + 40' rientro",
        "navetta": "0 km",
        "materiale": "1 corda da 60 metri",
        "kmz_url": null,
        "foto_count": 5,
        "url": "https://www.cicarudeclan.com/ita/a5_acquestriate.htm"
      }
    },
    {
      "type": "Feature",
      "geometry": null,
      "properties": {
        "nome": "Cascate di Cittiglio",
        "nazione": "italia",
        "regione": "Lombardia",
        "difficolta": "v5 a3 II",
        "calate": "5, più alta 50 metri",
        "calata_max": null,
        "lunghezza": "circa 1,3 km",
        "dislivello": "270 metri (570-300)",
        "tempi": "3h + 15' rientro",
        "navetta": "4 km",
        "materiale": "2 corde da 60 m",
        "kmz_url": null,
        "foto_count": 2,
        "url": "https://www.cicarudeclan.com/ita/a5_cittiglio.htm"
      }
    },
    {
      "type": "Feature",
      "geometry": null,
      "properties": {
        "nome": "Rio Caldone",
        "nazione": "italia",
        "regione": "Lombardia",
        "difficolta": "v3 a4 III",
        "calate": "circa 12, calata\n    più alta 18 metri",
        "calata_max": null,
        "lunghezza": "circa\n    2 km",
        "dislivello": "350\n    metri (910-560)",
        "tempi": "30'\n    accesso + 4h 30' discesa + 20' rientro",
        "navetta": "4\n    km",
        "materiale": "1 corda da 60 metri",
        "kmz_url": null,
        "foto_count": 3,
        "url": "https://www.cicarudeclan.com/ita/a5_caldo.htm"
      }
    },
    {
      "type": "Feature",
      "geometry": null,
      "properties": {
        "nome": "Forra di Morterone",
        "nazione": "italia",
        "regione": "Lombardia",
        "difficolta": "v3 a2 III",
        "calate": "3, calata\n    più alta 30 metri",
        "calata_max": null,
        "lunghezza": "circa\n    1,3 km",
        "dislivello": "100\n    metri (900-800)",
        "tempi": "15'\n    accesso + 2h 30' discesa + 1h rientro",
        "navetta": "0\n    km",
        "materiale": "1 corda da 60 metri",
        "kmz_url": null,
        "foto_count": 1,
        "url": "https://www.cicarudeclan.com/ita/a5_morter.htm"
      }
    },
    {
      "type": "Feature",
      "geometry": null,
      "properties": {
        "nome": "Valle della Snella (affl. sx Acquaduro)",
        "nazione": "italia",
        "regione": "Lombardia",
        "difficolta": "v3 a3 III",
        "calate": "circa 12, calata più alta 30 metri",
        "calata_max": "30 metri",
        "lunghezza": "circa 1,5 km",
        "dislivello": "circa 300 metri (1100-800)",
        "tempi": "1h + 3h 30' + 10'",
        "navetta": "0 km",
        "materiale": "2 corde da 60 metri",
        "kmz_url": null,
        "foto_count": 0,
        "url": "https://www.cicarudeclan.com/ita/a5_affsx.htm"
      }
    },
    {
      "type": "Feature",
      "geometry": null,
      "properties": {
        "nome": "Val Monastero",
        "nazione": "italia",
        "regione": "Lombardia",
        "difficolta": "v4 a1 IV",
        "calate": "21, calata più alta 55 metri",
        "calata_max": "55 metri",
        "lunghezza": "circa 1,4 km",
        "dislivello": "300 metri (900-600)",
        "tempi": "20' avvicinamento + 3h 30' + 1h rientro",
        "navetta": "0 km",
        "materiale": "2 corde da 60 metri",
        "kmz_url": "https://www.cicarudeclan.com/GEarth/Val di Monastero.kmz",
        "foto_count": 0,
        "url": "https://www.cicarudeclan.com/ita/a5_monastero.htm"
      }
    },
    {
      "type": "Feature",
      "geometry": null,
      "properties": {
        "nome": "Torrente Lirone",
        "nazione": "italia",
        "regione": "Lombardia",
        "difficolta": "v3 a4 III",
        "calate": "7, più alta 16 metri",
        "calata_max": null,
        "lunghezza": "circa\n    1,5 km",
        "dislivello": "200 metri (480 -280)",
        "tempi": "2h 45'+ 5' rientro",
        "navetta": "circa 4 km",
        "materiale": "1 corda da 60 m",
        "kmz_url": null,
        "foto_count": 0,
        "url": "https://www.cicarudeclan.com/ita/a5_lirone.htm"
      }
    },
    {
      "type": "Feature",
      "geometry": null,
      "properties": {
        "nome": "Val Camoggia",
        "nazione": "italia",
        "regione": "Lombardia",
        "difficolta": "v4 a2 III",
        "calate": "13, salto più alto 110 metri (55+55), calata più alta 65 metri",
        "calata_max": "65 metri",
        "lunghezza": "1,3 km circa",
        "dislivello": "400 metri (660-260)",
        "tempi": "45' avvicinamento + 4h discesa + 10' rientro",
        "navetta": "2 km",
        "materiale": "2 corde da 70 metri, 1 corda da 60 metri",
        "kmz_url": null,
        "foto_count": 3,
        "url": "https://www.cicarudeclan.com/ita/a5_camoggia.htm"
      }
    },
    {
      "type": "Feature",
      "geometry": null,
      "properties": {
        "nome": "Val di Bares",
        "nazione": "italia",
        "regione": "Lombardia",
        "difficolta": "v5 a5 V",
        "calate": "50, calata più alta 28 metri",
        "calata_max": "28 metri",
        "lunghezza": "2,5 km",
        "dislivello": "circa 700 m (1300-600)",
        "tempi": "2h + 6h 30'-8 h + 30'",
        "navetta": "0 km",
        "materiale": "2 corde da 60 metri",
        "kmz_url": null,
        "foto_count": 3,
        "url": "https://www.cicarudeclan.com/ita/a5_bares.htm"
      }
    },
    {
      "type": "Feature",
      "geometry": null,
      "properties": {
        "nome": "Val Bodengo Superiore",
        "nazione": "italia",
        "regione": "Lombardia",
        "difficolta": "v3 a4 II",
        "calate": "circa 15, più alta 20 m, con portata media nessuna obbligatoria",
        "calata_max": null,
        "lunghezza": "circa 1,9 km",
        "dislivello": "250 metri (1000-750)",
        "tempi": "2h 30' + 10' rientro",
        "navetta": "circa 2,8 km",
        "materiale": "1 corda da 60",
        "kmz_url": null,
        "foto_count": 3,
        "url": "https://www.cicarudeclan.com/ita/a5_bodengosup.htm"
      }
    },
    {
      "type": "Feature",
      "geometry": null,
      "properties": {
        "nome": "Val Bodengo inferiore",
        "nazione": "italia",
        "regione": "Lombardia",
        "difficolta": "v4 a5 IV",
        "calate": "circa 35, più alta 60 metri (30 + 30)",
        "calata_max": null,
        "lunghezza": "circa\n    2,5 km",
        "dislivello": "470 metri (750-280)",
        "tempi": "10' avvicinamento + 7 h + 10' rientro",
        "navetta": "circa 8 km",
        "materiale": "3 corde da 60 m",
        "kmz_url": null,
        "foto_count": 3,
        "url": "https://www.cicarudeclan.com/ita/a5_bodengo.htm"
      }
    },
    {
      "type": "Feature",
      "geometry": null,
      "properties": {
        "nome": "Pilotera",
        "nazione": "italia",
        "regione": "Lombardia",
        "difficolta": "v3 a3 III",
        "calate": "11, calata più alta 23 metri",
        "calata_max": "23 metri",
        "lunghezza": "circa 2,3 km",
        "dislivello": "330 metri (1020-690)",
        "tempi": "1h 30' avvicinamento + 3h + 5' rientro",
        "navetta": "0 km",
        "materiale": "1 corda da 60 metri",
        "kmz_url": null,
        "foto_count": 3,
        "url": "https://www.cicarudeclan.com/ita/a5_pilotera.htm"
      }
    },
    {
      "type": "Feature",
      "geometry": null,
      "properties": {
        "nome": "Val Casenda",
        "nazione": "italia",
        "regione": "Lombardia",
        "difficolta": "v5 a2 III",
        "calate": "23, calata più alta 50 metri",
        "calata_max": "50 metri",
        "lunghezza": "circa 1,5 km",
        "dislivello": "540 metri (825-285)",
        "tempi": "15' avvicinamento + 6h + 5' rientro",
        "navetta": "circa 7 km",
        "materiale": "3 corde da 60 metri",
        "kmz_url": null,
        "foto_count": 0,
        "url": "https://www.cicarudeclan.com/ita/a5_casenda.htm"
      }
    },
    {
      "type": "Feature",
      "geometry": null,
      "properties": {
        "nome": "Torrente Lesina",
        "nazione": "italia",
        "regione": "Lombardia",
        "difficolta": "v3 a2 III",
        "calate": "6, più alta 17 metri",
        "calata_max": null,
        "lunghezza": "circa\n    1,2 km",
        "dislivello": "220 metri (480-260)",
        "tempi": "1 h avvicinamento + 2 h + 5' rientro",
        "navetta": "0 km",
        "materiale": "1 corda da 60 m",
        "kmz_url": null,
        "foto_count": 0,
        "url": "https://www.cicarudeclan.com/ita/a5_lesina.htm"
      }
    },
    {
      "type": "Feature",
      "geometry": null,
      "properties": {
        "nome": "Torrente Cormor",
        "nazione": "italia",
        "regione": "Lombardia",
        "difficolta": "v4 a3 V",
        "calate": "circa 20, più alta 25 metri",
        "calata_max": null,
        "lunghezza": "circa 1,5 km",
        "dislivello": "440 metri (1940-1500)",
        "tempi": "5h + 10' rientro",
        "navetta": "circa 7 km",
        "materiale": "1 corda da 60 m, illuminazione frontale",
        "kmz_url": null,
        "foto_count": 2,
        "url": "https://www.cicarudeclan.com/ita/a5_cormor.htm"
      }
    },
    {
      "type": "Feature",
      "geometry": null,
      "properties": {
        "nome": "Val Malgina",
        "nazione": "italia",
        "regione": "Lombardia",
        "difficolta": "v4 a4 III",
        "calate": "13, calata più alta 16 metri",
        "calata_max": "16 metri",
        "lunghezza": "1,3 km circa",
        "dislivello": "270 metri (680-410)",
        "tempi": "15' avvicinamento + 3h discesa + 5' rientro",
        "navetta": "circa 6 km",
        "materiale": "1 corda da 60 metri",
        "kmz_url": null,
        "foto_count": 3,
        "url": "https://www.cicarudeclan.com/ita/a5_malgina.htm"
      }
    },
    {
      "type": "Feature",
      "geometry": null,
      "properties": {
        "nome": "Torrente Trobiolo",
        "nazione": "italia",
        "regione": "Lombardia",
        "difficolta": "v4 a2 IV",
        "calate": "circa 25, calata\n    più alta 25 metri",
        "calata_max": null,
        "lunghezza": "circa 1 km",
        "dislivello": "260 metri (510-250)",
        "tempi": "10' avvicinamento + 4h discesa + 5' rientro",
        "navetta": "circa 10 km",
        "materiale": "2 corde da 60 metri",
        "kmz_url": null,
        "foto_count": 3,
        "url": "https://www.cicarudeclan.com/ita/a5_trobiolo.htm"
      }
    },
    {
      "type": "Feature",
      "geometry": null,
      "properties": {
        "nome": "Torrente Re",
        "nazione": "italia",
        "regione": "Lombardia",
        "difficolta": "v3 a2 II",
        "calate": "4, calata più alta 20 metri",
        "calata_max": "20 metri",
        "lunghezza": "circa 0,5 km",
        "dislivello": "circa 120 metri (320-200)",
        "tempi": "5'\n    avvicinamento + 1h 30' discesa + 5' rientro",
        "navetta": "2,5\n    km",
        "materiale": "1 corda da 60 metri",
        "kmz_url": null,
        "foto_count": 3,
        "url": "https://www.cicarudeclan.com/ita/a5_re.htm"
      }
    },
    {
      "type": "Feature",
      "geometry": null,
      "properties": {
        "nome": "Torrente Caffaro Alto",
        "nazione": "italia",
        "regione": "Lombardia",
        "difficolta": "v3 a3 II",
        "calate": "4, calata più alta 30 metri",
        "calata_max": "30 metri",
        "lunghezza": "circa 1 km",
        "dislivello": "150 metri (1000-850)",
        "tempi": "1h 30' + 5' rientro",
        "navetta": "0,8 km",
        "materiale": "2 corde da 60 metri",
        "kmz_url": null,
        "foto_count": 0,
        "url": "https://www.cicarudeclan.com/ita/a5_caffaroalto.htm"
      }
    },
    {
      "type": "Feature",
      "geometry": null,
      "properties": {
        "nome": "Torrente Campiglio",
        "nazione": "italia",
        "regione": "Lombardia",
        "difficolta": "v3 a3 III",
        "calate": "13, calata più alta 16 metri",
        "calata_max": "16 metri",
        "lunghezza": "circa 2 km",
        "dislivello": "300 metri (590-290)",
        "tempi": "3h 30' + 45'",
        "navetta": "3,9 km",
        "materiale": "1 corda da 60 metri",
        "kmz_url": null,
        "foto_count": 0,
        "url": "https://www.cicarudeclan.com/ita/a5_campiglio.htm"
      }
    },
    {
      "type": "Feature",
      "geometry": null,
      "properties": {
        "nome": "Torrente Baes",
        "nazione": "italia",
        "regione": "Lombardia",
        "difficolta": "v4 a1 III",
        "calate": "circa 15, calata più alta 45 metri",
        "calata_max": "45 metri",
        "lunghezza": "circa\n    600 m",
        "dislivello": "180\n    m (280-100)",
        "tempi": "5'\n    avvicinamento + 2h 30' discesa + 5' rientro",
        "navetta": "6,5\n    km",
        "materiale": "2 corde da 60 metri",
        "kmz_url": null,
        "foto_count": 0,
        "url": "https://www.cicarudeclan.com/ita/a5_mugna.htm"
      }
    },
    {
      "type": "Feature",
      "geometry": null,
      "properties": {
        "nome": "Torrente Vione Superiore",
        "nazione": "italia",
        "regione": "Lombardia",
        "difficolta": "v3 a3 II",
        "calate": "circa 10, calata più alta 30 metri",
        "calata_max": "30 metri",
        "lunghezza": "circa 1 km",
        "dislivello": "200\n    metri (580-380)",
        "tempi": "40' avvicinamento + 2h 45' discesa",
        "navetta": "circa 1,2 km",
        "materiale": "1 corda da 60 metri",
        "kmz_url": null,
        "foto_count": 0,
        "url": "https://www.cicarudeclan.com/ita/a5_vione.htm"
      }
    },
    {
      "type": "Feature",
      "geometry": null,
      "properties": {
        "nome": "Fiumenero",
        "nazione": "italia",
        "regione": "Lombardia",
        "difficolta": "v2 a3 I",
        "calate": "4,\n    calata più alta 10 metri",
        "calata_max": "10 metri",
        "lunghezza": "circa\n    250 m",
        "dislivello": "70 metri (880-810)",
        "tempi": "15' avvicinamento + 50' discesa + 10' rientro",
        "navetta": "0\n    km",
        "materiale": "1\n    corda da 30 metri",
        "kmz_url": null,
        "foto_count": 3,
        "url": "https://www.cicarudeclan.com/ita/a5_fiumenero.htm"
      }
    },
    {
      "type": "Feature",
      "geometry": null,
      "properties": {
        "nome": "Rio Colombaia",
        "nazione": "italia",
        "regione": "Emilia Romagna",
        "difficolta": "v3 a2 II",
        "calate": "8,\n    calata più alta 30 metri",
        "calata_max": "30 metri",
        "lunghezza": "circa\n    1 km",
        "dislivello": "200\n    m (900-700)",
        "tempi": "5'\n    avvicinamento + 3h 15' discesa + 40' rientro",
        "navetta": "0\n    km",
        "materiale": "1 corda da 60 m",
        "kmz_url": null,
        "foto_count": 0,
        "url": "https://www.cicarudeclan.com/ita/a5_colom.htm"
      }
    },
    {
      "type": "Feature",
      "geometry": null,
      "properties": {
        "nome": "Rio Grande",
        "nazione": "italia",
        "regione": "Emilia Romagna",
        "difficolta": "v2 a2 II",
        "calate": "4, calata più alta 20 metri",
        "calata_max": "20 metri",
        "lunghezza": "circa\n    1 km",
        "dislivello": "200\n    metri (590-390)",
        "tempi": "10'\n    avvicinamento + 2h discesa + 5' rientro",
        "navetta": "circa\n    3 km",
        "materiale": "1 corda da 60 metri",
        "kmz_url": null,
        "foto_count": 3,
        "url": "https://www.cicarudeclan.com/ita/a5_grande.htm"
      }
    },
    {
      "type": "Feature",
      "geometry": null,
      "properties": {
        "nome": "Canale dei ghiacci",
        "nazione": "italia",
        "regione": "Emilia Romagna",
        "difficolta": "v4 a2 III",
        "calate": "23, calata più alta 40 metri",
        "calata_max": "40 metri",
        "lunghezza": "1,3 km",
        "dislivello": "420 metri (800-380)",
        "tempi": "20' avvicinamento + 5h discesa + 10' rientro",
        "navetta": "12,7 km",
        "materiale": "2 corde da 60 metri",
        "kmz_url": null,
        "foto_count": 0,
        "url": "https://www.cicarudeclan.com/ita/a5_cariseto.htm"
      }
    },
    {
      "type": "Feature",
      "geometry": null,
      "properties": {
        "nome": "Rio Rotteri",
        "nazione": "italia",
        "regione": "Emilia Romagna",
        "difficolta": "v3 a2 IV",
        "calate": "12, calata più alta 30 metri",
        "calata_max": "30 metri",
        "lunghezza": "circa 3 km",
        "dislivello": "670 metri (1183-513)",
        "tempi": "5' avvicinamento + 5h 30' + 20' rientro",
        "navetta": "18,5 km",
        "materiale": "1 corda da 60 metri",
        "kmz_url": null,
        "foto_count": 5,
        "url": "https://www.cicarudeclan.com/ita/a5_rotteri.htm"
      }
    },
    {
      "type": "Feature",
      "geometry": null,
      "properties": {
        "nome": "Canale dell'Incisa",
        "nazione": "italia",
        "regione": "Emilia Romagna",
        "difficolta": "v3 a2 III",
        "calate": "8, calata più alta 15 metri",
        "calata_max": "15 metri",
        "lunghezza": "circa 1,2 km",
        "dislivello": "210 metri (1080-870)",
        "tempi": "20' avvicinamento + 2h + 10' rientro",
        "navetta": "2,3 km",
        "materiale": "1 corda da 60 metri",
        "kmz_url": null,
        "foto_count": 5,
        "url": "https://www.cicarudeclan.com/ita/a5_incisa.htm"
      }
    },
    {
      "type": "Feature",
      "geometry": null,
      "properties": {
        "nome": "Forra del Grigno",
        "nazione": "italia",
        "regione": "Trentino Alto Adige",
        "difficolta": "v5 a6 VI",
        "calate": "circa 15, calata piu' alta 25 metri",
        "calata_max": null,
        "lunghezza": "circa 3,2 km",
        "dislivello": "196 metri (510-314)",
        "tempi": "20' accesso + 3h 30' + 15' rientro",
        "navetta": "19,5 km",
        "materiale": "2 corde da 60 metri",
        "kmz_url": null,
        "foto_count": 1,
        "url": "https://www.cicarudeclan.com/ita/a5_grigno.htm"
      }
    },
    {
      "type": "Feature",
      "geometry": null,
      "properties": {
        "nome": "Palvico",
        "nazione": "italia",
        "regione": "Trentino Alto Adige",
        "difficolta": "v4 a4 III",
        "calate": "7, calata più alta 50 m",
        "calata_max": "50 metri",
        "lunghezza": "circa\n    1 km",
        "dislivello": "120 m (540-420)",
        "tempi": "2h\n    discesa",
        "navetta": "3\n    km (ATTENZIONE - rischio di furti)",
        "materiale": "2 corde da 60 m",
        "kmz_url": null,
        "foto_count": 2,
        "url": "https://www.cicarudeclan.com/ita/a5_palvi.htm"
      }
    },
    {
      "type": "Feature",
      "geometry": null,
      "properties": {
        "nome": "Rio Nero",
        "nazione": "italia",
        "regione": "Trentino Alto Adige",
        "difficolta": "v4 a4 V",
        "calate": "26, calata più alta 35 metri",
        "calata_max": "35 metri",
        "lunghezza": "circa\n    2,6 km",
        "dislivello": "380\n    metri (1120-740)",
        "tempi": "4h\n    discesa + 5' rientro",
        "navetta": "circa\n    7,5 km",
        "materiale": "2 corde da 60 metri",
        "kmz_url": null,
        "foto_count": 0,
        "url": "https://www.cicarudeclan.com/ita/a5_nero.htm"
      }
    },
    {
      "type": "Feature",
      "geometry": null,
      "properties": {
        "nome": "Torrente Albola",
        "nazione": "italia",
        "regione": "Trentino Alto Adige",
        "difficolta": "v4 a3 III",
        "calate": "12, alcune evitabili,\n    calata più alta 20 metri",
        "calata_max": "20 metri",
        "lunghezza": "circa\n    500 m",
        "dislivello": "125\n    metri (315-190)",
        "tempi": "35'\n    accesso + 2h 30' discesa + 10' rientro",
        "navetta": "0\n    km",
        "materiale": "2 corde da 60 metri",
        "kmz_url": null,
        "foto_count": 0,
        "url": "https://www.cicarudeclan.com/ita/a5_albo.htm"
      }
    },
    {
      "type": "Feature",
      "geometry": null,
      "properties": {
        "nome": "Rio Val",
        "nazione": "italia",
        "regione": "Trentino Alto Adige",
        "difficolta": "v4 a1 III",
        "calate": "13, calata più alta 40 metri",
        "calata_max": "40 metri",
        "lunghezza": "circa 0,6 km",
        "dislivello": "260 metri (830-570)",
        "tempi": "5' avvicinamento + 3h discesa",
        "navetta": "circa\n    12,5 km",
        "materiale": "2 corde da 60 metri",
        "kmz_url": null,
        "foto_count": 0,
        "url": "https://www.cicarudeclan.com/ita/a5_val.htm"
      }
    },
    {
      "type": "Feature",
      "geometry": null,
      "properties": {
        "nome": "Gorg d'Abiss",
        "nazione": "italia",
        "regione": "Trentino Alto Adige",
        "difficolta": "v3 a2 II",
        "calate": "3, calata più alta 20 metri",
        "calata_max": "20 metri",
        "lunghezza": "circa 1 km",
        "dislivello": "100 metri (840-740)",
        "tempi": "1 h discesa + 5' rientro",
        "navetta": "circa 1,5 km",
        "materiale": "1 corda da 60 metri, illuminazione frontale",
        "kmz_url": null,
        "foto_count": 0,
        "url": "https://www.cicarudeclan.com/ita/a5_gorgabiss.htm"
      }
    },
    {
      "type": "Feature",
      "geometry": null,
      "properties": {
        "nome": "Forra di Gargazzone",
        "nazione": "italia",
        "regione": "Trentino Alto Adige",
        "difficolta": "v5 a4 IV",
        "calate": "circa\n    12, calata più alta 45 metri",
        "calata_max": "45 metri",
        "lunghezza": "circa\n    700 m",
        "dislivello": "metri\n    270 (580-310)",
        "tempi": "1h\n    accesso + 4h discesa + 5' rientro",
        "navetta": "0\n    km",
        "materiale": "3 corde da 60 metri",
        "kmz_url": null,
        "foto_count": 3,
        "url": "https://www.cicarudeclan.com/ita/a5_garga.htm"
      }
    },
    {
      "type": "Feature",
      "geometry": null,
      "properties": {
        "nome": "Rio Meltina - Möltener Bach",
        "nazione": "italia",
        "regione": "Trentino Alto Adige",
        "difficolta": "v5 a4 III",
        "calate": "11, più alta 76 metri (16 + 60)",
        "calata_max": null,
        "lunghezza": "circa\n    1,7 km",
        "dislivello": "260 metri (540-280)",
        "tempi": "5' avvicinamento + 3h 30' discesa + 5' rientro",
        "navetta": "circa 5,5 km",
        "materiale": "3 corde da 60 m",
        "kmz_url": null,
        "foto_count": 3,
        "url": "https://www.cicarudeclan.com/ita/a5_meltina.htm"
      }
    },
    {
      "type": "Feature",
      "geometry": null,
      "properties": {
        "nome": "Vajo dell'Orsa",
        "nazione": "italia",
        "regione": "Veneto",
        "difficolta": "v3 a3 IV",
        "calate": "circa 12\n    obbligatorie + 20 evitabili, calata più alta 20 metri",
        "calata_max": "20 metri",
        "lunghezza": "5 km",
        "dislivello": "450 metri\n    (650-200)",
        "tempi": "20’\n    accesso + 4h discesa",
        "navetta": "19 km circa",
        "materiale": "1 corda\n    da 60 metri",
        "kmz_url": null,
        "foto_count": 0,
        "url": "https://www.cicarudeclan.com/ita/a5_vajo.htm"
      }
    },
    {
      "type": "Feature",
      "geometry": null,
      "properties": {
        "nome": "Gole del Soffia",
        "nazione": "italia",
        "regione": "Veneto",
        "difficolta": "v5 a5 V",
        "calate": "16, calata più alta 38 metri",
        "calata_max": "38 metri",
        "lunghezza": "circa 2 km",
        "dislivello": "330 metri (770-440)",
        "tempi": "1h 30' accesso + 4h",
        "navetta": "0 km",
        "materiale": "2 corde da 60 metri",
        "kmz_url": null,
        "foto_count": 1,
        "url": "https://www.cicarudeclan.com/ita/a5_soffia.htm"
      }
    },
    {
      "type": "Feature",
      "geometry": null,
      "properties": {
        "nome": "Val Ru da Molin",
        "nazione": "italia",
        "regione": "Veneto",
        "difficolta": "v4 a4 III",
        "calate": "7\n    (3 obbligatorie), calata piu' alta 25 metri",
        "calata_max": null,
        "lunghezza": "circa\n    1 km",
        "dislivello": "170\n    metri (600-430)",
        "tempi": "50'\n    accesso + 2h 30' discesa",
        "navetta": "0\n    km",
        "materiale": "1 corda da 60 metri",
        "kmz_url": null,
        "foto_count": 0,
        "url": "https://www.cicarudeclan.com/ita/a5_molin.htm"
      }
    },
    {
      "type": "Feature",
      "geometry": null,
      "properties": {
        "nome": "Val Clusa",
        "nazione": "italia",
        "regione": "Veneto",
        "difficolta": "v5 a4 VI",
        "calate": "circa 40, alcune evitabili, alcuni risalti non armati, max 40 metri",
        "calata_max": null,
        "lunghezza": "circa 3 km",
        "dislivello": "460 metri (930-470)",
        "tempi": "1h 45' avvicinamento + 6h 30' - 8 h discesa + 5' rientro",
        "navetta": "0 km",
        "materiale": "2 corde da 60 metri",
        "kmz_url": null,
        "foto_count": 3,
        "url": "https://www.cicarudeclan.com/ita/a5_clusa.htm"
      }
    },
    {
      "type": "Feature",
      "geometry": null,
      "properties": {
        "nome": "Val Maggiore",
        "nazione": "italia",
        "regione": "Veneto",
        "difficolta": "v3 a4 III",
        "calate": "circa 30, molti tuffetti non armati, calata max 25 metri",
        "calata_max": null,
        "lunghezza": "circa 2,5 km",
        "dislivello": "315 metri (750-385)",
        "tempi": "5' avvicinamento + 4h discesa",
        "navetta": "6,6 km",
        "materiale": "2 corde da 60 metri",
        "kmz_url": null,
        "foto_count": 1,
        "url": "https://www.cicarudeclan.com/ita/a5_maggiore.htm"
      }
    },
    {
      "type": "Feature",
      "geometry": null,
      "properties": {
        "nome": "Val Zemola",
        "nazione": "italia",
        "regione": "Friuli Venezia Giulia",
        "difficolta": "v4 a5 IV",
        "calate": "11, calata più alta\n    18 m",
        "calata_max": null,
        "lunghezza": "circa\n    2,5 km",
        "dislivello": "300 m (1000 - 700)",
        "tempi": "entrata\n    inferiore:15’ avvicinamento + 3h discesa + 20' rientroentrata intermedia:15’ avvicinamento + 4h discesa + 20' rientroentrata superiore:10’ avvicinamento + 5h discesa + 20' rientro",
        "navetta": "4 km\n    circa",
        "materiale": "1 corda da 60 metri",
        "kmz_url": null,
        "foto_count": 5,
        "url": "https://www.cicarudeclan.com/ita/a5_zemo.htm"
      }
    },
    {
      "type": "Feature",
      "geometry": null,
      "properties": {
        "nome": "Rio Stuet",
        "nazione": "italia",
        "regione": "Friuli Venezia Giulia",
        "difficolta": "v4 a3 III",
        "calate": "10, calata più alta 22 metri",
        "calata_max": "22 metri",
        "lunghezza": "circa 0,8 km",
        "dislivello": "148 metri (1073-925)",
        "tempi": "30' avvicinamento + 2h 30' discesa",
        "navetta": "0 km",
        "materiale": "1 corda da 60 metri",
        "kmz_url": null,
        "foto_count": 0,
        "url": "https://www.cicarudeclan.com/ita/a5_stuet.htm"
      }
    },
    {
      "type": "Feature",
      "geometry": null,
      "properties": {
        "nome": "Val Piovin",
        "nazione": "italia",
        "regione": "Friuli Venezia Giulia",
        "difficolta": "v4 a2 III",
        "calate": "7, max 32 metri",
        "calata_max": null,
        "lunghezza": "circa 0,5 km",
        "dislivello": "180 metri (935-755)",
        "tempi": "40' avvicinamento + 2h + 10' rientro",
        "navetta": "0\n\n    km",
        "materiale": "2 corde da 60 metri",
        "kmz_url": null,
        "foto_count": 3,
        "url": "https://www.cicarudeclan.com/ita/a5_piovin.htm"
      }
    },
    {
      "type": "Feature",
      "geometry": null,
      "properties": {
        "nome": "Torrente Ciolesan",
        "nazione": "italia",
        "regione": "Friuli Venezia Giulia",
        "difficolta": "v4 a4 IV",
        "calate": "8, calata più alta 27 metri",
        "calata_max": "27 metri",
        "lunghezza": "1,5\n    km circa",
        "dislivello": "265\n    metri (905-640)",
        "tempi": "1h\n    avvicinamento + 3h discesa",
        "navetta": "0\n    km",
        "materiale": "1 corda da 60 metri",
        "kmz_url": null,
        "foto_count": 0,
        "url": "https://www.cicarudeclan.com/ita/a5_ciole.htm"
      }
    },
    {
      "type": "Feature",
      "geometry": null,
      "properties": {
        "nome": "Torrente La Foce",
        "nazione": "italia",
        "regione": "Friuli Venezia Giulia",
        "difficolta": "v2 a4 III",
        "calate": "2, calata più alta 6 m",
        "calata_max": "6 metri",
        "lunghezza": "circa 1 km",
        "dislivello": "120 metri (405-285)",
        "tempi": "10' accesso + 1h 30' + 5' rientro",
        "navetta": "2 km",
        "materiale": "1 corda da 30 metri",
        "kmz_url": null,
        "foto_count": 0,
        "url": "https://www.cicarudeclan.com/ita/a5_lafoce.htm"
      }
    },
    {
      "type": "Feature",
      "geometry": null,
      "properties": {
        "nome": "Rio Simon",
        "nazione": "italia",
        "regione": "Friuli Venezia Giulia",
        "difficolta": "v4 a4 V",
        "calate": "circa 25, molte evitabili con tuffi, calata più alta 33 metri",
        "calata_max": "33 metri",
        "lunghezza": "circa 4 km",
        "dislivello": "560 metri (900-340)",
        "tempi": "2h 30' avvicinamento + 7h discesa + 5' rientro",
        "navetta": "1 km",
        "materiale": "2 corde da 60 metri",
        "kmz_url": null,
        "foto_count": 0,
        "url": "https://www.cicarudeclan.com/ita/a5_simon.htm"
      }
    },
    {
      "type": "Feature",
      "geometry": null,
      "properties": {
        "nome": "Rio Alba",
        "nazione": "italia",
        "regione": "Friuli Venezia Giulia",
        "difficolta": "v3 a3 III",
        "calate": "circa\n    7, calata più alta 20 metri",
        "calata_max": "20 metri",
        "lunghezza": "circa\n    3,5 km",
        "dislivello": "360\n    metri (720-360)",
        "tempi": "15'\n    accesso + 3h discesa",
        "navetta": "6\n    km",
        "materiale": "1 corda da 60 metri",
        "kmz_url": null,
        "foto_count": 2,
        "url": "https://www.cicarudeclan.com/ita/a5_alba.htm"
      }
    },
    {
      "type": "Feature",
      "geometry": null,
      "properties": {
        "nome": "Rio Tralba (Forra dei boscaioli)",
        "nazione": "italia",
        "regione": "Friuli Venezia Giulia",
        "difficolta": "v4 a4 V",
        "calate": "13, calata più alta 30 metri",
        "calata_max": "30 metri",
        "lunghezza": "circa\n    1,5 km",
        "dislivello": "360\n    metri (720-360)",
        "tempi": "2h\n    accesso + 4h 30' discesa",
        "navetta": "6\n    km",
        "materiale": "2 corde da 60 metri",
        "kmz_url": null,
        "foto_count": 4,
        "url": "https://www.cicarudeclan.com/ita/a5_bosca.htm"
      }
    },
    {
      "type": "Feature",
      "geometry": null,
      "properties": {
        "nome": "Rio Chiantone",
        "nazione": "italia",
        "regione": "Friuli Venezia Giulia",
        "difficolta": "v5 a3 IV",
        "calate": "19 (solo Chiantone 12), calata più alta\n    52 m",
        "calata_max": null,
        "lunghezza": "circa 3,7 km (solo Chiantone 1,3 km)",
        "dislivello": "450 m (800 - 350) (solo Chiantone 250 m)",
        "tempi": "5' avvicinamento + 7h 30' discesa (solo Chiantone 4h 30')",
        "navetta": "12 km circa",
        "materiale": "2 corde da 60 metri",
        "kmz_url": null,
        "foto_count": 0,
        "url": "https://www.cicarudeclan.com/ita/a5_chiantone.htm"
      }
    },
    {
      "type": "Feature",
      "geometry": null,
      "properties": {
        "nome": "Rio Lavarie",
        "nazione": "italia",
        "regione": "Friuli Venezia Giulia",
        "difficolta": "v5 a3 IV",
        "calate": "7, più alta 50 metri",
        "calata_max": null,
        "lunghezza": "circa\n    0,5 km",
        "dislivello": "170 metri (450-280)",
        "tempi": "2h",
        "navetta": "5\n    km",
        "materiale": "3 corde da 60 metri",
        "kmz_url": null,
        "foto_count": 2,
        "url": "https://www.cicarudeclan.com/ita/a5_lavarie.htm"
      }
    },
    {
      "type": "Feature",
      "geometry": null,
      "properties": {
        "nome": "Rio Frondizzon",
        "nazione": "italia",
        "regione": "Friuli Venezia Giulia",
        "difficolta": "v4 a2 III",
        "calate": "5, calata più alta 33 metri",
        "calata_max": "33 metri",
        "lunghezza": "circa 2 km",
        "dislivello": "185 metri (550-365)",
        "tempi": "5' avvicinamento + 2h 30' discesa",
        "navetta": "11\n    km",
        "materiale": "2 corde da 60 metri",
        "kmz_url": null,
        "foto_count": 1,
        "url": "https://www.cicarudeclan.com/ita/a5_frondizzon.htm"
      }
    },
    {
      "type": "Feature",
      "geometry": null,
      "properties": {
        "nome": "Rio Favarinis",
        "nazione": "italia",
        "regione": "Friuli Venezia Giulia",
        "difficolta": "v3 a3 III",
        "calate": "8, calata più alta 50 m",
        "calata_max": "50 metri",
        "lunghezza": "circa 1 km",
        "dislivello": "250 metri (518-268)",
        "tempi": "45' avvicinamento + 3h + 5' rientro",
        "navetta": "0 km",
        "materiale": "2 corde da 60 metri",
        "kmz_url": null,
        "foto_count": 0,
        "url": "https://www.cicarudeclan.com/ita/a5_favarinis.htm"
      }
    },
    {
      "type": "Feature",
      "geometry": null,
      "properties": {
        "nome": "Rio Chiampeit",
        "nazione": "italia",
        "regione": "Friuli Venezia Giulia",
        "difficolta": "v4 a1 III",
        "calate": "11, calata più alta 70 m (20 + 50)",
        "calata_max": "70 metri",
        "lunghezza": "circa 1,7 km",
        "dislivello": "330 metri (630-300)",
        "tempi": "1h 30' avvicinamento + 3h 30' + 5' rientro",
        "navetta": "0 km",
        "materiale": "3 corde da 60 metri",
        "kmz_url": null,
        "foto_count": 0,
        "url": "https://www.cicarudeclan.com/ita/a5_chiampeit.htm"
      }
    },
    {
      "type": "Feature",
      "geometry": null,
      "properties": {
        "nome": "Vinadia Inferiore",
        "nazione": "italia",
        "regione": "Friuli Venezia Giulia",
        "difficolta": "v3 a3 III",
        "calate": "7, calata più alta 30 metri",
        "calata_max": "30 metri",
        "lunghezza": "circa 1,5 km",
        "dislivello": "circa 200 metri (550-350)",
        "tempi": "5h dal Rio Chiantone + 2h 30'",
        "navetta": "12 km",
        "materiale": "2 corde da 60 metri",
        "kmz_url": null,
        "foto_count": 0,
        "url": "https://www.cicarudeclan.com/ita/a5_vinadiainf.htm"
      }
    },
    {
      "type": "Feature",
      "geometry": null,
      "properties": {
        "nome": "Torrente Acquetta",
        "nazione": "italia",
        "regione": "Toscana",
        "difficolta": "v4 a3 III",
        "calate": "12, calata più alta 22 metri",
        "calata_max": "22 metri",
        "lunghezza": "circa 1,6 km",
        "dislivello": "270 metri (910-640)",
        "tempi": "1h 30' avvicinamento + 3h 30' + 20' rientro",
        "navetta": "0 km",
        "materiale": "2 corde da 60 metri",
        "kmz_url": null,
        "foto_count": 3,
        "url": "https://www.cicarudeclan.com/ita/a5_acquetta.htm"
      }
    },
    {
      "type": "Feature",
      "geometry": null,
      "properties": {
        "nome": "Stretti di Giaredo",
        "nazione": "italia",
        "regione": "Toscana",
        "difficolta": "v1 a3 III",
        "calate": "n.a.",
        "calata_max": null,
        "lunghezza": "circa 3,5 km a/r",
        "dislivello": "+/- 60 metri (290-350)",
        "tempi": "10' avvicinamento + 2h 30' a/r + 10' rientro",
        "navetta": "0 km",
        "materiale": "n.a.",
        "kmz_url": null,
        "foto_count": 3,
        "url": "https://www.cicarudeclan.com/ita/a5_giaredo.htm"
      }
    },
    {
      "type": "Feature",
      "geometry": null,
      "properties": {
        "nome": "Orrido di Botri (ramo Est - Rio Ribellino)",
        "nazione": "italia",
        "regione": "Toscana",
        "difficolta": "v2 a2 IV",
        "calate": "5,\n    calata più alta 20 metri",
        "calata_max": "20 metri",
        "lunghezza": "circa 3,5 km",
        "dislivello": "410\n    metri (1050-640)",
        "tempi": "50'\n    avvicinamento + 5h discesa",
        "navetta": "8,9 km",
        "materiale": "1\n    corda da 60 metri",
        "kmz_url": null,
        "foto_count": 0,
        "url": "https://www.cicarudeclan.com/ita/a5_botri.htm"
      }
    },
    {
      "type": "Feature",
      "geometry": null,
      "properties": {
        "nome": "Orrido di Botri (ramo Ovest - Rio Mariana)",
        "nazione": "italia",
        "regione": "Toscana",
        "difficolta": "v2 a2 IV",
        "calate": "13,\n    calata più alta 18 metri",
        "calata_max": "18 metri",
        "lunghezza": "circa 4 km",
        "dislivello": "540 metri (1180-640)",
        "tempi": "15'\n    avvicinamento + 4h 30' discesa",
        "navetta": "8,9 km",
        "materiale": "1\n    corda da 60 metri",
        "kmz_url": null,
        "foto_count": 0,
        "url": "https://www.cicarudeclan.com/ita/a5_botriovest.htm"
      }
    },
    {
      "type": "Feature",
      "geometry": null,
      "properties": {
        "nome": "Rio delle Pili",
        "nazione": "italia",
        "regione": "Toscana",
        "difficolta": "v3 a3 II",
        "calate": "circa 12, calata più alta 12 metri",
        "calata_max": "12 metri",
        "lunghezza": "circa 800 m",
        "dislivello": "140 metri (450-310)",
        "tempi": "5' avvicinamento + 2h 30' + 5' rientro",
        "navetta": "5 km",
        "materiale": "1 corda da 60 metri",
        "kmz_url": null,
        "foto_count": 2,
        "url": "https://www.cicarudeclan.com/ita/a5_pili.htm"
      }
    },
    {
      "type": "Feature",
      "geometry": null,
      "properties": {
        "nome": "Torrente Ania",
        "nazione": "italia",
        "regione": "Toscana",
        "difficolta": "v3 a3 II",
        "calate": "6, calata più alta 15 metri",
        "calata_max": "15 metri",
        "lunghezza": "circa 0,8 km",
        "dislivello": "100 metri (550 - 450)",
        "tempi": "30' avvicinamento + 1h 30' + 10' rientro",
        "navetta": "0 km",
        "materiale": "1 corda da 60 metri",
        "kmz_url": null,
        "foto_count": 3,
        "url": "https://www.cicarudeclan.com/ita/a5_ania.htm"
      }
    },
    {
      "type": "Feature",
      "geometry": null,
      "properties": {
        "nome": "Canale degli Alberghi",
        "nazione": "italia",
        "regione": "Toscana",
        "difficolta": "v4 a1 III",
        "calate": "15, calata più alta 35 metri",
        "calata_max": "35 metri",
        "lunghezza": "circa 1 km",
        "dislivello": "360 metri (810-450)",
        "tempi": "1h 15' avvicinamento + 3h 30' + 15' rientro",
        "navetta": "0 km",
        "materiale": "2 corde da 60 metri",
        "kmz_url": null,
        "foto_count": 3,
        "url": "https://www.cicarudeclan.com/ita/a5_alberghi.htm"
      }
    },
    {
      "type": "Feature",
      "geometry": null,
      "properties": {
        "nome": "Marmitte dei Giganti (Fosso dell'Anguillaia)",
        "nazione": "italia",
        "regione": "Toscana",
        "difficolta": "v3 a1 III",
        "calate": "7, calata più alta 12 metri",
        "calata_max": "12 metri",
        "lunghezza": "0,5 km circa",
        "dislivello": "150 metri (850-700)",
        "tempi": "2h avvicinamento + 1h 30' discesa + 10' rientro",
        "navetta": "0 km",
        "materiale": "1 corda da 60 metri",
        "kmz_url": null,
        "foto_count": 3,
        "url": "https://www.cicarudeclan.com/ita/a5_marmitte.htm"
      }
    },
    {
      "type": "Feature",
      "geometry": null,
      "properties": {
        "nome": "Forra del Casco",
        "nazione": "italia",
        "regione": "Umbria",
        "difficolta": "v3 a2 II",
        "calate": "12, calata più alta 28 metri",
        "calata_max": "28 metri",
        "lunghezza": "circa 1 km",
        "dislivello": "230 metri (650-420)",
        "tempi": "45' avvicinamento + 4h discesa + 15' rientro",
        "navetta": "3,7 km",
        "materiale": "1 corda da 60 metri",
        "kmz_url": null,
        "foto_count": 2,
        "url": "https://www.cicarudeclan.com/ita/a5_casco.htm"
      }
    },
    {
      "type": "Feature",
      "geometry": null,
      "properties": {
        "nome": "Forra di Prodo",
        "nazione": "italia",
        "regione": "Umbria",
        "difficolta": "v3 a3 II",
        "calate": "11, calata più alta 18 metri",
        "calata_max": "18 metri",
        "lunghezza": "circa 1 km",
        "dislivello": "150 metri (350-200)",
        "tempi": "5' avvicinamento + 2h discesa + 30' rientro",
        "navetta": "0 km",
        "materiale": "1 corda da 60 metri",
        "kmz_url": null,
        "foto_count": 2,
        "url": "https://www.cicarudeclan.com/ita/a5_prodo.htm"
      }
    },
    {
      "type": "Feature",
      "geometry": null,
      "properties": {
        "nome": "Fosso de Presale",
        "nazione": "italia",
        "regione": "Marche",
        "difficolta": "v3 a2 II",
        "calate": "circa 12, calata più alta 30 metri",
        "calata_max": "30 metri",
        "lunghezza": "circa\n    1 km",
        "dislivello": "200\n    metri (700 - 500)",
        "tempi": "30'\n    avvicinamento + 2h 15' discesa",
        "navetta": "1\n    km",
        "materiale": "1 corda da 60 metri",
        "kmz_url": null,
        "foto_count": 0,
        "url": "https://www.cicarudeclan.com/ita/a5_presale.htm"
      }
    },
    {
      "type": "Feature",
      "geometry": null,
      "properties": {
        "nome": "Fosso La Foce",
        "nazione": "italia",
        "regione": "Marche",
        "difficolta": "v5 a1 IV",
        "calate": "15, calata più alta 75 metri",
        "calata_max": "75 metri",
        "lunghezza": "circa 1 km",
        "dislivello": "330 metri (1680-1350)",
        "tempi": "15' avvicinamento + 3h 30' + 15' rientro",
        "navetta": "13 km, di cui 12 su sterrato",
        "materiale": "2 corde da 80 metri, 1 da 60 metri",
        "kmz_url": null,
        "foto_count": 3,
        "url": "https://www.cicarudeclan.com/ita/a5_foce.htm"
      }
    },
    {
      "type": "Feature",
      "geometry": null,
      "properties": {
        "nome": "Fossaceca",
        "nazione": "italia",
        "regione": "Abruzzo",
        "difficolta": "v5 a1 V",
        "calate": "12, calata più alta 35 metri",
        "calata_max": "35 metri",
        "lunghezza": "1 km\n    circa",
        "dislivello": "400\n    metri (1380-980)",
        "tempi": "2h\n    30' avvicinamento + 4h discesa + 40' rientro",
        "navetta": "0 km",
        "materiale": "2 corde da 60 metri",
        "kmz_url": null,
        "foto_count": 2,
        "url": "https://www.cicarudeclan.com/ita/a5_ceca.htm"
      }
    },
    {
      "type": "Feature",
      "geometry": null,
      "properties": {
        "nome": "San Nicola",
        "nazione": "italia",
        "regione": "Molise",
        "difficolta": "v4 a2 III",
        "calate": "8, calata più alta 40 metri",
        "calata_max": "40 metri",
        "lunghezza": "500\n    m circa",
        "dislivello": "270\n    metri (830-560)",
        "tempi": "10'\n    avvicinamento + 2h 15' discesa + 40' di percorso di rientro nel Quirino",
        "navetta": "7 km",
        "materiale": "2 corde da 60 metri",
        "kmz_url": null,
        "foto_count": 1,
        "url": "https://www.cicarudeclan.com/ita/a5_nicola.htm"
      }
    },
    {
      "type": "Feature",
      "geometry": null,
      "properties": {
        "nome": "Forra di Pescorosso",
        "nazione": "italia",
        "regione": "Molise",
        "difficolta": "v4 a2 III",
        "calate": "10, calata più alta 35 metri",
        "calata_max": "35 metri",
        "lunghezza": "circa 3 km",
        "dislivello": "350 metri (750-400)",
        "tempi": "5' avvicinamento + 3h discesa + 1h 30' rientro",
        "navetta": "15 km",
        "materiale": "2 corde da 60 metri",
        "kmz_url": null,
        "foto_count": 0,
        "url": "https://www.cicarudeclan.com/ita/a5_pesco.htm"
      }
    },
    {
      "type": "Feature",
      "geometry": null,
      "properties": {
        "nome": "Forra del Titerno",
        "nazione": "italia",
        "regione": "Campania",
        "difficolta": "v4 a3 III",
        "calate": "5, calata più alta 38 metri",
        "calata_max": "38 metri",
        "lunghezza": "circa\n    2 km",
        "dislivello": "300\n    metri (800-500)",
        "tempi": "2h\n    30' discesa",
        "navetta": "15\n    km",
        "materiale": "2 corde da 60 metri",
        "kmz_url": null,
        "foto_count": 1,
        "url": "https://www.cicarudeclan.com/ita/a5_titerno.htm"
      }
    },
    {
      "type": "Feature",
      "geometry": null,
      "properties": {
        "nome": "Valle dell'Inferno",
        "nazione": "italia",
        "regione": "Campania",
        "difficolta": "v3 a1 III",
        "calate": "10, calata più alta 25 metri",
        "calata_max": "25 metri",
        "lunghezza": "circa 3 km",
        "dislivello": "315 metri (965-650)",
        "tempi": "10' avvicinamento + 3h + 1h rientro",
        "navetta": "0 km",
        "materiale": "1 corda da 60 metri",
        "kmz_url": null,
        "foto_count": 0,
        "url": "https://www.cicarudeclan.com/ita/a5_inferno.htm"
      }
    },
    {
      "type": "Feature",
      "geometry": null,
      "properties": {
        "nome": "Gole del Caldanello",
        "nazione": "italia",
        "regione": "Calabria",
        "difficolta": "v3 a4 IV",
        "calate": "circa 17, calata più alta 25 metri",
        "calata_max": "25 metri",
        "lunghezza": "circa 3 km",
        "dislivello": "420 metri (620-200)",
        "tempi": "10' avvicinamento+ 6h 30' + 10' rientro",
        "navetta": "circa 10 km",
        "materiale": "1 corda da 60 metri",
        "kmz_url": null,
        "foto_count": 5,
        "url": "https://www.cicarudeclan.com/ita/a5_caldanello.htm"
      }
    },
    {
      "type": "Feature",
      "geometry": null,
      "properties": {
        "nome": "Torrente Grimavolo",
        "nazione": "italia",
        "regione": "Calabria",
        "difficolta": "v5 a3 V",
        "calate": "22, calata più alta 70 metri",
        "calata_max": "70 metri",
        "lunghezza": "circa 0,6 km",
        "dislivello": "450 metri (920-470)",
        "tempi": "30' avvicinamento + 5h + 1h 30' / 4 h rientro",
        "navetta": "45/11  km",
        "materiale": "2 corde da 70 metri",
        "kmz_url": null,
        "foto_count": 5,
        "url": "https://www.cicarudeclan.com/ita/a5_grimavolo.htm"
      }
    },
    {
      "type": "Feature",
      "geometry": null,
      "properties": {
        "nome": "Badde Pentumas",
        "nazione": "italia",
        "regione": "Sardegna",
        "difficolta": "v3 a1 IV",
        "calate": "13, calata più\n    alta 20 metri",
        "calata_max": null,
        "lunghezza": "circa 4 km",
        "dislivello": "450 metri\n    (610-160)",
        "tempi": "2h avvicinamento + 4h discesa + 30’  rientro",
        "navetta": "0 km",
        "materiale": "1 corda da 60 m, indumenti da forra secca",
        "kmz_url": null,
        "foto_count": 3,
        "url": "https://www.cicarudeclan.com/ita/a5_pentumas.htm"
      }
    },
    {
      "type": "Feature",
      "geometry": null,
      "properties": {
        "nome": "Codula di Orbisi",
        "nazione": "italia",
        "regione": "Sardegna",
        "difficolta": "v4 a2 III",
        "calate": "11, calata più alta 35 m",
        "calata_max": "35 metri",
        "lunghezza": "circa 1 km",
        "dislivello": "170 m (720-550)",
        "tempi": "20' avvicinamento + 3h 30' discesa + 45' rientro",
        "navetta": "0 km",
        "materiale": "2 corde da 60 metri",
        "kmz_url": null,
        "foto_count": 3,
        "url": "https://www.cicarudeclan.com/ita/a5_orbisi.htm"
      }
    },
    {
      "type": "Feature",
      "geometry": null,
      "properties": {
        "nome": "Codula Fuili",
        "nazione": "italia",
        "regione": "Sardegna",
        "difficolta": "v3 a1 II",
        "calate": "5, calata più alta 25 m",
        "calata_max": "25 metri",
        "lunghezza": "circa 2,5 km",
        "dislivello": "280 m (290-10)",
        "tempi": "2h (con accesso da Cala Luna 4h di avvicinamento)",
        "navetta": "circa 10 km (0 km con l'accesso da Cala Luna)",
        "materiale": "1 corda da 60 metri",
        "kmz_url": null,
        "foto_count": 3,
        "url": "https://www.cicarudeclan.com/ita/a5_fuili.htm"
      }
    },
    {
      "type": "Feature",
      "geometry": null,
      "properties": {
        "nome": "Gola di Gorroppu",
        "nazione": "italia",
        "regione": "Sardegna",
        "difficolta": "v2 a2 III",
        "calate": "4, 2 obbligatorie, calata più alta 12 m",
        "calata_max": "12 metri",
        "lunghezza": "circa 2,5 km",
        "dislivello": "135 m (485-350)",
        "tempi": "50' avvicinamento + 3h 30' discesa + 1h 30' rientro",
        "navetta": "43 km",
        "materiale": "1 corda da 60 metri",
        "kmz_url": null,
        "foto_count": 0,
        "url": "https://www.cicarudeclan.com/ita/a5_gorroppu.htm"
      }
    },
    {
      "type": "Feature",
      "geometry": null,
      "properties": {
        "nome": "Grotta Donini",
        "nazione": "italia",
        "regione": "Sardegna",
        "difficolta": "v4 a2 V",
        "calate": "7,\n    calata più alta 50 metri",
        "calata_max": "50 metri",
        "lunghezza": "circa 1 km",
        "dislivello": "160 metri (730 - 570)",
        "tempi": "15' avvicinamento + 3h 30' discesa + 50' rientro",
        "navetta": "0 km",
        "materiale": "2 corde da 60 metri",
        "kmz_url": null,
        "foto_count": 1,
        "url": "https://www.cicarudeclan.com/ita/a5_donini.htm"
      }
    },
    {
      "type": "Feature",
      "geometry": null,
      "properties": {
        "nome": "Rio Flumineddu",
        "nazione": "italia",
        "regione": "Sardegna",
        "difficolta": "v3 a1 V",
        "calate": "10, calata più alta 20 metri",
        "calata_max": "20 metri",
        "lunghezza": "circa 2 km",
        "dislivello": "200 metri (700-500)",
        "tempi": "1h 45' avvicinamento + 3h + 1h rientro",
        "navetta": "0 km",
        "materiale": "1 corda da 60 metri",
        "kmz_url": null,
        "foto_count": 3,
        "url": "https://www.cicarudeclan.com/ita/a5_flumineddu.htm"
      }
    },
    {
      "type": "Feature",
      "geometry": null,
      "properties": {
        "nome": "Bacu sa Figu",
        "nazione": "italia",
        "regione": "Sardegna",
        "difficolta": "v4 a2 IV",
        "calate": "14,\n    calata più alta 37 metri",
        "calata_max": "37 metri",
        "lunghezza": "circa\n    3 km",
        "dislivello": "550\n    metri (700 - 150)",
        "tempi": "6h\n    discesa + 1h 30’ per il rientro (tenendo conto di eventuali perdite di sentiero)",
        "navetta": "15\n    km di strada a bassissimo traffico (autostop difficoltoso)",
        "materiale": "2 corde da 60 m",
        "kmz_url": null,
        "foto_count": 5,
        "url": "https://www.cicarudeclan.com/ita/a5_figu.htm"
      }
    },
    {
      "type": "Feature",
      "geometry": null,
      "properties": {
        "nome": "Rio Pitrisconi",
        "nazione": "italia",
        "regione": "Sardegna",
        "difficolta": "v3 a3 III",
        "calate": "8, calata più alta 30 metri",
        "calata_max": "30 metri",
        "lunghezza": "1,2 km circa",
        "dislivello": "165 metri (300-135)",
        "tempi": "5' + 2h 30' + 1h 30' (a piedi) / 35' (fuoristrada) / 1h 30' (al guado)",
        "navetta": "0 km / 1,5 km / 4,2 km",
        "materiale": "1 corda da 60 metri",
        "kmz_url": null,
        "foto_count": 3,
        "url": "https://www.cicarudeclan.com/ita/a5_pitrisconi.htm"
      }
    },
    {
      "type": "Feature",
      "geometry": null,
      "properties": {
        "nome": "Piscina Irgas",
        "nazione": "italia",
        "regione": "Sardegna",
        "difficolta": "v4 a2 III",
        "calate": "8, calata più alta 36 m",
        "calata_max": "36 metri",
        "lunghezza": "circa 1,5 km",
        "dislivello": "115 m (540-425)",
        "tempi": "1h 15' avvicinamento + 3h discesa + 45' rientro",
        "navetta": "0 km",
        "materiale": "2 corde da 60 metri",
        "kmz_url": null,
        "foto_count": 3,
        "url": "https://www.cicarudeclan.com/ita/a5_irgas.htm"
      }
    },
    {
      "type": "Feature",
      "geometry": null,
      "properties": {
        "nome": "Cica Rude Clan - Clue de la Maglia",
        "nazione": "francia",
        "regione": "Sconosciuta",
        "difficolta": "v3 a4 III",
        "calate": "16, calata più alta 12 metri",
        "calata_max": "12 metri",
        "lunghezza": "circa\n        2,5 km",
        "dislivello": "210\n        metri (580-370)",
        "tempi": "10'\n        avvicinamento + 3h 30' discesa + 30' rientro",
        "navetta": "5,3\n        km",
        "materiale": "1 corda da 60 metri",
        "kmz_url": "https://www.cicarudeclan.com/GEarth/Maglia.kmz",
        "foto_count": 3,
        "url": "https://www.cicarudeclan.com/ita/a5_maglia.htm"
      }
    },
    {
      "type": "Feature",
      "geometry": null,
      "properties": {
        "nome": "Cica Rude Clan - Clue de la Morghe",
        "nazione": "francia",
        "regione": "Sconosciuta",
        "difficolta": "v4 a4 III (compreso il tratto di Maglia)",
        "calate": "10, calata più alta 55 metri",
        "calata_max": "55 metri",
        "lunghezza": "0,4  km",
        "dislivello": "200 metri (680-480)",
        "tempi": "2h 30' discesa + 1h 30' (Clue de la Maglia) + 30' rientro",
        "navetta": "4,2 km",
        "materiale": "3 corde da 60 metri",
        "kmz_url": "https://www.cicarudeclan.com/GEarth/Morghe.kmz",
        "foto_count": 0,
        "url": "https://www.cicarudeclan.com/ita/a5_morghe.htm"
      }
    },
    {
      "type": "Feature",
      "geometry": null,
      "properties": {
        "nome": "Cica Rude Clan - Vallon de Carleva",
        "nazione": "francia",
        "regione": "Sconosciuta",
        "difficolta": "v3 a2 IV",
        "calate": "15, calata più alta 22 metri",
        "calata_max": "22 metri",
        "lunghezza": "3,5 km circa",
        "dislivello": "515 metri (770-255)",
        "tempi": "2h avvicinamento + 5h discesa + 20 rientro",
        "navetta": "0 km",
        "materiale": "1 corda da 60 metri",
        "kmz_url": "https://www.cicarudeclan.com/GEarth/Carleva.kmz",
        "foto_count": 0,
        "url": "https://www.cicarudeclan.com/ita/a5_carleva.htm"
      }
    },
    {
      "type": "Feature",
      "geometry": null,
      "properties": {
        "nome": "Cica Rude Clan - Vallon de Audin",
        "nazione": "francia",
        "regione": "Sconosciuta",
        "difficolta": "v2 a2 II",
        "calate": "1, alta 5 metri",
        "calata_max": null,
        "lunghezza": "2 km circa",
        "dislivello": "150 metri\n    (300 - 150)",
        "tempi": "50' avvicinamento + 1h 45' discesa + 20' rientro",
        "navetta": "0 km",
        "materiale": "uno spezzone di corda per la calatina",
        "kmz_url": null,
        "foto_count": 3,
        "url": "https://www.cicarudeclan.com/ita/a5_audin.htm"
      }
    },
    {
      "type": "Feature",
      "geometry": null,
      "properties": {
        "nome": "Cica Rude Clan - Vallon de la Bendola",
        "nazione": "francia",
        "regione": "Sconosciuta",
        "difficolta": "v4 a3 VI",
        "calate": "circa 37, calata più alta 40 metri",
        "calata_max": "40 metri",
        "lunghezza": "16 km",
        "dislivello": "1340 metri (1770-430)",
        "tempi": "20'\n        avvicinamento + 14h discesa (9+5) + 1h rientro",
        "navetta": "33 km",
        "materiale": "2 corde da 60 metri",
        "kmz_url": "https://www.cicarudeclan.com/GEarth/Bendola.kmz",
        "foto_count": 3,
        "url": "https://www.cicarudeclan.com/ita/a5_bendola.htm"
      }
    },
    {
      "type": "Feature",
      "geometry": null,
      "properties": {
        "nome": "Vallon de Grana",
        "nazione": "francia",
        "regione": "Sconosciuta",
        "difficolta": "v4 a2 III",
        "calate": "7, calata più alta 35 m",
        "calata_max": "35 metri",
        "lunghezza": "circa 2 km",
        "dislivello": "370 m (800-430)",
        "tempi": "1h 30' avvicinamento + 2h 45' discesa + 1h rientro",
        "navetta": "0 km",
        "materiale": "1 corda da 70 metri",
        "kmz_url": null,
        "foto_count": 3,
        "url": "https://www.cicarudeclan.com/ita/a5_grana.htm"
      }
    },
    {
      "type": "Feature",
      "geometry": null,
      "properties": {
        "nome": "Vallon de Bolega",
        "nazione": "francia",
        "regione": "Sconosciuta",
        "difficolta": "v4 a3 III (compreso il tratto di Bendola)",
        "calate": "13, calata più alta 40 m",
        "calata_max": "40 metri",
        "lunghezza": "circa 1,7 km",
        "dislivello": "346 metri (856-510)",
        "tempi": "2h 45' avvicinamento + 4h + 1h 30' rientro",
        "navetta": "circa 0 km",
        "materiale": "3 corde x 60 metri",
        "kmz_url": null,
        "foto_count": 0,
        "url": "https://www.cicarudeclan.com/ita/a5_bolega.htm"
      }
    },
    {
      "type": "Feature",
      "geometry": null,
      "properties": {
        "nome": "Vallon de Brever",
        "nazione": "francia",
        "regione": "Sconosciuta",
        "difficolta": "v5 a3 VI (compreso il tratto di Bendola)",
        "calate": "circa 15, calata più alta 110 m (20 + 35 + 55)",
        "calata_max": "110 metri",
        "lunghezza": "circa 7 km",
        "dislivello": "1190 metri (1700-510)",
        "tempi": "1h avvicinamento + 9h + 1h 30' rientro",
        "navetta": "circa 35 km su sterrato",
        "materiale": "3 corde da 60 metri",
        "kmz_url": null,
        "foto_count": 0,
        "url": "https://www.cicarudeclan.com/ita/a5_brever.htm"
      }
    },
    {
      "type": "Feature",
      "geometry": null,
      "properties": {
        "nome": "Vallon de Graon",
        "nazione": "francia",
        "regione": "Sconosciuta",
        "difficolta": "v4 a3 V (compreso il tratto di Bendola)",
        "calate": "circa 18, calata più alta 57 m.",
        "calata_max": "57 metri",
        "lunghezza": "circa 1 km",
        "dislivello": "400 metri (1125-725)",
        "tempi": "4h 15' avvicinamento + 6h + 1h 30' rientro",
        "navetta": "0 km",
        "materiale": "2 corde da 60 metri",
        "kmz_url": null,
        "foto_count": 0,
        "url": "https://www.cicarudeclan.com/ita/a5_graon.htm"
      }
    },
    {
      "type": "Feature",
      "geometry": null,
      "properties": {
        "nome": "Cica Rude Clan - Torrent de Ceva",
        "nazione": "francia",
        "regione": "Sconosciuta",
        "difficolta": "v5 a4 II",
        "calate": "5, salto più alto 45 metri (18 + 27)",
        "calata_max": null,
        "lunghezza": "circa 1 km",
        "dislivello": "210 metri (780-570)",
        "tempi": "40' avvicinamento + 2h 30' discesa + 10' rientro",
        "navetta": "1 km",
        "materiale": "2 corde da 60 metri",
        "kmz_url": "https://www.cicarudeclan.com/GEarth/Ceva.kmz",
        "foto_count": 1,
        "url": "https://www.cicarudeclan.com/ita/a5_ceva.htm"
      }
    },
    {
      "type": "Feature",
      "geometry": null,
      "properties": {
        "nome": "Cica Rude Clan - Clue de la Maglia",
        "nazione": "francia",
        "regione": "Sconosciuta",
        "difficolta": "v4 a2 II",
        "calate": "12, calata più alta 63 metri (35 se frazionata)",
        "calata_max": "63 metri",
        "lunghezza": "circa\n        1,5 km",
        "dislivello": "400\n        metri (880-480)",
        "tempi": "2'\n        avvicinamento + 4h discesa + 2' rientro",
        "navetta": "6\n        km",
        "materiale": "2 corde da 60 metri",
        "kmz_url": null,
        "foto_count": 0,
        "url": "https://www.cicarudeclan.com/ita/a5_berghe.htm"
      }
    },
    {
      "type": "Feature",
      "geometry": null,
      "properties": {
        "nome": "Vallon de Morignole",
        "nazione": "francia",
        "regione": "Sconosciuta",
        "difficolta": "v2 a2 I",
        "calate": "1, alta 8 metri",
        "calata_max": null,
        "lunghezza": "circa 500 m",
        "dislivello": "50 metri (1080-1030)",
        "tempi": "10' avvicinamento + 30' discesa",
        "navetta": "0 km",
        "materiale": "1 corda da 60 metri",
        "kmz_url": null,
        "foto_count": 1,
        "url": "https://www.cicarudeclan.com/ita/a5_morignole.htm"
      }
    },
    {
      "type": "Feature",
      "geometry": null,
      "properties": {
        "nome": "Vallon de Rouéou",
        "nazione": "francia",
        "regione": "Sconosciuta",
        "difficolta": "v4 a2 III",
        "calate": "14, calata più alta 35 metri",
        "calata_max": "35 metri",
        "lunghezza": "circa 0,8 km",
        "dislivello": "390 metri (1330 - 940)",
        "tempi": "1h 15' avvicinamento + 3h + 5' rientro",
        "navetta": "0 km",
        "materiale": "2 corde da 60 metri",
        "kmz_url": null,
        "foto_count": 0,
        "url": "https://www.cicarudeclan.com/ita/a5_roueou.htm"
      }
    },
    {
      "type": "Feature",
      "geometry": null,
      "properties": {
        "nome": "Vallon de Mont Noir",
        "nazione": "francia",
        "regione": "Sconosciuta",
        "difficolta": "v4 a3 III",
        "calate": "circa 7, calata più alta 45 m (15 + 30)",
        "calata_max": "45 metri",
        "lunghezza": "circa 0,8 km",
        "dislivello": "250 metri (1300-1050)",
        "tempi": "1h 30' avvicinamento + 2h 30' + 45' rientro",
        "navetta": "0 km",
        "materiale": "2 corde da 60 metri",
        "kmz_url": null,
        "foto_count": 0,
        "url": "https://www.cicarudeclan.com/ita/a5_montnoir.htm"
      }
    },
    {
      "type": "Feature",
      "geometry": null,
      "properties": {
        "nome": "Imberguet",
        "nazione": "francia",
        "regione": "Sconosciuta",
        "difficolta": "v3 a2 III",
        "calate": "12, calata più alta 22 metri",
        "calata_max": "22 metri",
        "lunghezza": "1,2 km",
        "dislivello": "200 metri (420-220)",
        "tempi": "5' avvicinamento + 2h 30' discesa + 5' rientro",
        "navetta": "5 km",
        "materiale": "1 corda da 60 metri",
        "kmz_url": "https://www.cicarudeclan.com/GEarth/Imberguet.kmz",
        "foto_count": 5,
        "url": "https://www.cicarudeclan.com/ita/a5_imber.htm"
      }
    },
    {
      "type": "Feature",
      "geometry": null,
      "properties": {
        "nome": "- Clue de Duranus",
        "nazione": "francia",
        "regione": "Sconosciuta",
        "difficolta": "v3 a3 III",
        "calate": "6, alcune\n    evitabili, calata più alta 12 metri",
        "calata_max": "12 metri",
        "lunghezza": "1,5\n    km circa",
        "dislivello": "150 metri\n    (350-200)",
        "tempi": "2h\n    50’ discesa",
        "navetta": "12\n    km",
        "materiale": "1 corda da\n    60 metri",
        "kmz_url": null,
        "foto_count": 0,
        "url": "https://www.cicarudeclan.com/ita/a5_duranus.htm"
      }
    },
    {
      "type": "Feature",
      "geometry": null,
      "properties": {
        "nome": "- Vallon de la Peira",
        "nazione": "francia",
        "regione": "Sconosciuta",
        "difficolta": "v4 a2 III",
        "calate": "11, calata più alta 60 metri",
        "calata_max": "60 metri",
        "lunghezza": "0,9 km",
        "dislivello": "300 metri (640-340)",
        "tempi": "45' avvicinamento + 3h discesa + 5' rientro",
        "navetta": "1,7 km",
        "materiale": "2 corde da 60 metri",
        "kmz_url": "https://www.cicarudeclan.com/GEarth/Peira.kmz",
        "foto_count": 3,
        "url": "https://www.cicarudeclan.com/ita/a5_peira.htm"
      }
    },
    {
      "type": "Feature",
      "geometry": null,
      "properties": {
        "nome": "La Bollène",
        "nazione": "francia",
        "regione": "Sconosciuta",
        "difficolta": "v3 a3 II",
        "calate": "10, calata più alta 20 metri",
        "calata_max": "20 metri",
        "lunghezza": "circa 2 km",
        "dislivello": "190 metri (770-580)",
        "tempi": "5' avvicinamento + 2h 45' discesa + 20' rientro",
        "navetta": "6,9 km",
        "materiale": "1 corda da 60 metri",
        "kmz_url": "https://www.cicarudeclan.com/GEarth/Bollene.kmz",
        "foto_count": 2,
        "url": "https://www.cicarudeclan.com/ita/a5_bolle.htm"
      }
    },
    {
      "type": "Feature",
      "geometry": null,
      "properties": {
        "nome": "Clue de l'Infernet",
        "nazione": "francia",
        "regione": "Sconosciuta",
        "difficolta": "v3 a3 II",
        "calate": "3, alcune\n    evitabili, calata più alta 15 metri",
        "calata_max": "15 metri",
        "lunghezza": "1\n    km circa",
        "dislivello": "60 metri\n    (410-350)",
        "tempi": "45'\n    avvicinamento, 1h 15’ discesa, 5' rientro",
        "navetta": "0\n    km",
        "materiale": "1 corda da\n    60 metri",
        "kmz_url": null,
        "foto_count": 0,
        "url": "https://www.cicarudeclan.com/ita/a5_infernet.htm"
      }
    },
    {
      "type": "Feature",
      "geometry": null,
      "properties": {
        "nome": "Vallon du Bagnolar",
        "nazione": "francia",
        "regione": "Sconosciuta",
        "difficolta": "v3 a3 III",
        "calate": "20, calata più alta 22 metri",
        "calata_max": "22 metri",
        "lunghezza": "1,5 km",
        "dislivello": "300 metri (980 - 680)",
        "tempi": "1h 30' accesso + 4h discesa + 30' rientro",
        "navetta": "0 km",
        "materiale": "1 corda da 60 metri",
        "kmz_url": "https://www.cicarudeclan.com/GEarth/Bagnolar.kmz",
        "foto_count": 3,
        "url": "https://www.cicarudeclan.com/ita/a5_bagno.htm"
      }
    },
    {
      "type": "Feature",
      "geometry": null,
      "properties": {
        "nome": "Vallon du Figaret",
        "nazione": "francia",
        "regione": "Sconosciuta",
        "difficolta": null,
        "calate": null,
        "calata_max": null,
        "lunghezza": null,
        "dislivello": null,
        "tempi": null,
        "navetta": null,
        "materiale": null,
        "kmz_url": null,
        "foto_count": 0,
        "url": "https://www.cicarudeclan.com/ita/a5_figaret.htm"
      }
    },
    {
      "type": "Feature",
      "geometry": null,
      "properties": {
        "nome": "Clue d'Amen",
        "nazione": "francia",
        "regione": "Sconosciuta",
        "difficolta": "v4 a3 IV",
        "calate": "18, alcune evitabili, salto più alto 70 metri (15 + 25 + 30)",
        "calata_max": null,
        "lunghezza": "circa 3 km",
        "dislivello": "343 metri (1063-720)",
        "tempi": "1h 45' avvicinamento + 5h discesa + 20' rientro",
        "navetta": "3,5 km",
        "materiale": "2 corde da 60 metri",
        "kmz_url": "https://www.cicarudeclan.com/GEarth/Clue d'Amen.kmz",
        "foto_count": 5,
        "url": "https://www.cicarudeclan.com/ita/a5_amen.htm"
      }
    },
    {
      "type": "Feature",
      "geometry": null,
      "properties": {
        "nome": "Gorges de la Roudoule",
        "nazione": "francia",
        "regione": "Sconosciuta",
        "difficolta": "v2 a3 II",
        "calate": "circa 8, calata più alta 12 metri",
        "calata_max": "12 metri",
        "lunghezza": "circa 1 km",
        "dislivello": "150 metri (714-564)",
        "tempi": "15' avvicinamento + 2h + 15' rientro",
        "navetta": "0 km",
        "materiale": "1 corda x 60 metri",
        "kmz_url": null,
        "foto_count": 0,
        "url": "https://www.cicarudeclan.com/ita/a5_roudoule.htm"
      }
    },
    {
      "type": "Feature",
      "geometry": null,
      "properties": {
        "nome": "Gorges de Daluis",
        "nazione": "francia",
        "regione": "Sconosciuta",
        "difficolta": "v1 a5 II",
        "calate": "nessuna",
        "calata_max": null,
        "lunghezza": "4\n    km circa",
        "dislivello": "insignificante",
        "tempi": "2h15’\n    discesa",
        "navetta": "10\n    km",
        "materiale": "giubbotti salvagente, eventualmente canotti pneumatici",
        "kmz_url": null,
        "foto_count": 0,
        "url": "https://www.cicarudeclan.com/ita/a5_daluis.htm"
      }
    },
    {
      "type": "Feature",
      "geometry": null,
      "properties": {
        "nome": "Vallon de la Balma",
        "nazione": "francia",
        "regione": "Sconosciuta",
        "difficolta": "v4 a1 II",
        "calate": "8, \n          calata più alta 50 metri (esatti!!)",
        "calata_max": "50 metri",
        "lunghezza": "1,1 \n          km circa (la parte bassa)",
        "dislivello": "220 \n          metri (500 - 180)",
        "tempi": "1h \n          avvicinamento + 2h discesa + 5' rientro",
        "navetta": "0 \n          km",
        "materiale": "2 corde da 60 metri",
        "kmz_url": null,
        "foto_count": 1,
        "url": "https://www.cicarudeclan.com/ita/a5_balma.htm"
      }
    },
    {
      "type": "Feature",
      "geometry": null,
      "properties": {
        "nome": "Clue du Chaudan",
        "nazione": "francia",
        "regione": "Sconosciuta",
        "difficolta": "v3 a3 II",
        "calate": "6, salto più alto 26 metri",
        "calata_max": null,
        "lunghezza": "0,7 km circa",
        "dislivello": "110 metri (1470 - 1360)",
        "tempi": "45' avvicinamento + 1h 30' discesa + 20' rientro",
        "navetta": "0 km",
        "materiale": "1 corda da 60 metri",
        "kmz_url": "https://www.cicarudeclan.com/GEarth/Clue du Chaudan.kmz",
        "foto_count": 2,
        "url": "https://www.cicarudeclan.com/ita/a5_chaudan.htm"
      }
    },
    {
      "type": "Feature",
      "geometry": null,
      "properties": {
        "nome": "Moulin de Roubion",
        "nazione": "francia",
        "regione": "Sconosciuta",
        "difficolta": "v6 a2 II",
        "calate": "9, calata più alta 60 metri",
        "calata_max": "60 metri",
        "lunghezza": "circa 800 m",
        "dislivello": "200 metri (1100-860)",
        "tempi": "5' avvicinamento + 2h 45' discesa + 10' rientro",
        "navetta": "2,9 km",
        "materiale": "3 corde da 60 metri",
        "kmz_url": "https://www.cicarudeclan.com/GEarth/Moulin de Rubion.kmz",
        "foto_count": 0,
        "url": "https://www.cicarudeclan.com/ita/a5_roubion.htm"
      }
    },
    {
      "type": "Feature",
      "geometry": null,
      "properties": {
        "nome": "Cascades de Louch",
        "nazione": "francia",
        "regione": "Sconosciuta",
        "difficolta": "v6 a3 III",
        "calate": "12, calata più alta 90 metri",
        "calata_max": "90 metri",
        "lunghezza": "0,8 km",
        "dislivello": "240 metri (1110-870)",
        "tempi": "40' avvicinamento + 3h 30' discesa + 5' rientro",
        "navetta": "0 km",
        "materiale": "2 corde da 100 metri, 1 corda da 60 metri",
        "kmz_url": "https://www.cicarudeclan.com/GEarth/Louch.kmz",
        "foto_count": 4,
        "url": "https://www.cicarudeclan.com/ita/a5_louch.htm"
      }
    },
    {
      "type": "Feature",
      "geometry": null,
      "properties": {
        "nome": "Riou Blanc",
        "nazione": "francia",
        "regione": "Sconosciuta",
        "difficolta": "v5 a2 III",
        "calate": "19, calata più alta 25 metri",
        "calata_max": "25 metri",
        "lunghezza": "1,2 km circa",
        "dislivello": "330 metri (1620-1290)",
        "tempi": "50' avvicinamento + 3h 30' discesa + 20' rientro",
        "navetta": "0 km",
        "materiale": "2 corde da 60 metri",
        "kmz_url": null,
        "foto_count": 3,
        "url": "https://www.cicarudeclan.com/ita/a5_blanc.htm"
      }
    },
    {
      "type": "Feature",
      "geometry": null,
      "properties": {
        "nome": "Vallon de Cramassouri",
        "nazione": "francia",
        "regione": "Sconosciuta",
        "difficolta": "v2 a2 II",
        "calate": "5, calata più alta 10 metri",
        "calata_max": "10 metri",
        "lunghezza": "0,8 km",
        "dislivello": "60 metri (280 - 220)",
        "tempi": "10' avvicinamento + 1 h 15' discesa  + 10' rientro",
        "navetta": "4,5 km",
        "materiale": "1 corda da 60 metri",
        "kmz_url": "https://www.cicarudeclan.com/GEarth/Cramassouri.kmz",
        "foto_count": 5,
        "url": "https://www.cicarudeclan.com/ita/a5_cramassouri.htm"
      }
    },
    {
      "type": "Feature",
      "geometry": null,
      "properties": {
        "nome": "Moulin d'Ilonse",
        "nazione": "francia",
        "regione": "Sconosciuta",
        "difficolta": null,
        "calate": null,
        "calata_max": null,
        "lunghezza": null,
        "dislivello": null,
        "tempi": null,
        "navetta": null,
        "materiale": null,
        "kmz_url": null,
        "foto_count": 2,
        "url": "https://www.cicarudeclan.com/ita/a5_ilonse.htm"
      }
    },
    {
      "type": "Feature",
      "geometry": null,
      "properties": {
        "nome": "Clue du Riolan",
        "nazione": "francia",
        "regione": "Sconosciuta",
        "difficolta": "v3 a4 III",
        "calate": "18,\n        calata più alta 15 metri",
        "calata_max": "15 metri",
        "lunghezza": "circa \n        3 km",
        "dislivello": "190 \n        metri (600-410)",
        "tempi": "5’ \n        avvicinamento + 4h 30' discesa",
        "navetta": "8,5\n        km",
        "materiale": "1 corda da 60 metri",
        "kmz_url": "https://www.cicarudeclan.com/GEarth/Clue du Riolan.kmz",
        "foto_count": 3,
        "url": "https://www.cicarudeclan.com/ita/a5_riolan.htm"
      }
    },
    {
      "type": "Feature",
      "geometry": null,
      "properties": {
        "nome": "Clue de Saint Auban",
        "nazione": "francia",
        "regione": "Sconosciuta",
        "difficolta": "v3 a3 II",
        "calate": "4, calata più\n    alta 13 metri",
        "calata_max": null,
        "lunghezza": "1,2 km circa",
        "dislivello": "128 metri\n    (1016-888)",
        "tempi": "1h 45'\n    discesa + 10' rientro",
        "navetta": "2,5 km",
        "materiale": "1 corda da\n    60 metri",
        "kmz_url": null,
        "foto_count": 0,
        "url": "https://www.cicarudeclan.com/ita/a5_auban.htm"
      }
    },
    {
      "type": "Feature",
      "geometry": null,
      "properties": {
        "nome": "Clue d'Aiglun",
        "nazione": "francia",
        "regione": "Sconosciuta",
        "difficolta": "v2 a4 III",
        "calate": "5, \n        calata più alta 12 metri",
        "calata_max": "12 metri",
        "lunghezza": "1,2 \n        km circa",
        "dislivello": "80 \n        metri (560 - 480)",
        "tempi": "40’ \n        avvicinamento + 2h 30' discesa + 10' rientro",
        "navetta": "21 \n        km",
        "materiale": "1 corda da 60 metri",
        "kmz_url": "https://www.cicarudeclan.com/GEarth/Clue d'Aiglun.kmz",
        "foto_count": 1,
        "url": "https://www.cicarudeclan.com/ita/a5_aiglun.htm"
      }
    },
    {
      "type": "Feature",
      "geometry": null,
      "properties": {
        "nome": "Riou de Pierrefeu",
        "nazione": "francia",
        "regione": "Sconosciuta",
        "difficolta": "v3 a2 II",
        "calate": "5, calata più alta 20 metri",
        "calata_max": "20 metri",
        "lunghezza": "circa\n    1,6 km",
        "dislivello": "150 metri (400-250)",
        "tempi": "20' avvicinamento + 2h discesa + 20' rientro",
        "navetta": "6\n    km",
        "materiale": "1 corda da 60 metri",
        "kmz_url": null,
        "foto_count": 0,
        "url": "https://www.cicarudeclan.com/ita/a5_pierrefeu.htm"
      }
    },
    {
      "type": "Feature",
      "geometry": null,
      "properties": {
        "nome": "Ruisseau de Latti",
        "nazione": "francia",
        "regione": "Sconosciuta",
        "difficolta": "v3 a2 III",
        "calate": "7, calata più alta 15 m",
        "calata_max": "15 metri",
        "lunghezza": "circa 0,6 km",
        "dislivello": "150 metri (218-68)",
        "tempi": "30' avvicinamento + 2h + 45' rientro",
        "navetta": "circa 14 km",
        "materiale": "1 corda da 60 metri",
        "kmz_url": null,
        "foto_count": 3,
        "url": "https://www.cicarudeclan.com/ita/a5_latti.htm"
      }
    },
    {
      "type": "Feature",
      "geometry": null,
      "properties": {
        "nome": "Clue du Raton",
        "nazione": "francia",
        "regione": "Sconosciuta",
        "difficolta": "v3 a3 IV",
        "calate": "24, calata\n    più alta 18 metri",
        "calata_max": null,
        "lunghezza": "circa 3 km",
        "dislivello": "450 metri\n    (1470 - 1020)",
        "tempi": "20' avvicinamento + 5h 30' discesa",
        "navetta": "18 km di cui 6 di pista sterrata",
        "materiale": "1 corda da 60 metri",
        "kmz_url": "https://www.cicarudeclan.com/GEarth/Cue du Raton.kmz",
        "foto_count": 5,
        "url": "https://www.cicarudeclan.com/ita/a5_raton.htm"
      }
    },
    {
      "type": "Feature",
      "geometry": null,
      "properties": {
        "nome": "Vallon de Challandre",
        "nazione": "francia",
        "regione": "Sconosciuta",
        "difficolta": "v3 a2 III",
        "calate": "13, altezza massima 18 metri",
        "calata_max": null,
        "lunghezza": "1,5 km",
        "dislivello": "200 metri (1300 - 1100)",
        "tempi": "1 h avvicinamento + 3 h discesa",
        "navetta": "2,3 km",
        "materiale": "2 corde da 60 metri",
        "kmz_url": "https://www.cicarudeclan.com/GEarth/Challandre.kmz",
        "foto_count": 5,
        "url": "https://www.cicarudeclan.com/ita/a5_challandre.htm"
      }
    },
    {
      "type": "Feature",
      "geometry": null,
      "properties": {
        "nome": "Riu de Pierlas",
        "nazione": "francia",
        "regione": "Sconosciuta",
        "difficolta": "v4 a1 V",
        "calate": "circa 38, calata più alta 30 metri",
        "calata_max": "30 metri",
        "lunghezza": "circa 2 km",
        "dislivello": "660 metri (1550-890)",
        "tempi": "2h avvicinamento + 7h + 20' rientro",
        "navetta": "circa 5 km",
        "materiale": "3 corde x 60 metri",
        "kmz_url": null,
        "foto_count": 0,
        "url": "https://www.cicarudeclan.com/ita/a5_riu.htm"
      }
    },
    {
      "type": "Feature",
      "geometry": null,
      "properties": {
        "nome": "Vallon des Bes-Courmes",
        "nazione": "francia",
        "regione": "Sconosciuta",
        "difficolta": "v5 a2 II",
        "calate": "7,\n    calata più alta 65 metri",
        "calata_max": "65 metri",
        "lunghezza": "meno\n    di 1 km",
        "dislivello": "230\n    metri (600 - 370)",
        "tempi": "30'\n    avvicinamento + 2h discesa + 5' rientro",
        "navetta": "0\n    km",
        "materiale": "1 corda da 60 metri, 2 corde da 70 metri",
        "kmz_url": null,
        "foto_count": 2,
        "url": "https://www.cicarudeclan.com/ita/a5_bescou.htm"
      }
    },
    {
      "type": "Feature",
      "geometry": null,
      "properties": {
        "nome": "Riou de Gourdon",
        "nazione": "francia",
        "regione": "Sconosciuta",
        "difficolta": "v3 a2 II",
        "calate": "10, calata più alta 22 metri",
        "calata_max": "22 metri",
        "lunghezza": "1 km circa",
        "dislivello": "230 metri (720-490)",
        "tempi": "15' avvicinamento + 3h discesa + 30' rientro",
        "navetta": "0 km",
        "materiale": "1 corda da 60 metri",
        "kmz_url": null,
        "foto_count": 3,
        "url": "https://www.cicarudeclan.com/ita/a5_gourdon.htm"
      }
    },
    {
      "type": "Feature",
      "geometry": null,
      "properties": {
        "nome": "Ruisseau de Planfaè",
        "nazione": "francia",
        "regione": "Sconosciuta",
        "difficolta": "v2 a2 II",
        "calate": "6, calata più alta 11 metri",
        "calata_max": "11 metri",
        "lunghezza": "1,5 km",
        "dislivello": "160  metri (730-570)",
        "tempi": "20' avvicinamento + 2h discesa",
        "navetta": "2,8 km",
        "materiale": "1 corda da 60 metri",
        "kmz_url": "https://www.cicarudeclan.com/GEarth/Planfae.kmz",
        "foto_count": 2,
        "url": "https://www.cicarudeclan.com/ita/a5_planfae.htm"
      }
    },
    {
      "type": "Feature",
      "geometry": null,
      "properties": {
        "nome": "Vallon de Redebraus",
        "nazione": "francia",
        "regione": "Sconosciuta",
        "difficolta": "v4 a2 II",
        "calate": "circa 10, calata più alta 40 metri",
        "calata_max": "40 metri",
        "lunghezza": "circa 2,5 km",
        "dislivello": "400 metri (890-490)",
        "tempi": "5' avvicinamento+ 3h 30' + 20' rientro",
        "navetta": "circa 7 km",
        "materiale": "2 corde da 60 metri",
        "kmz_url": null,
        "foto_count": 5,
        "url": "https://www.cicarudeclan.com/ita/a5_redebraus.htm"
      }
    },
    {
      "type": "Feature",
      "geometry": null,
      "properties": {
        "nome": "Ruisseau de Faea",
        "nazione": "francia",
        "regione": "Sconosciuta",
        "difficolta": "v2 a1 II",
        "calate": "6, calata più alta 20 m",
        "calata_max": "20 metri",
        "lunghezza": "circa 1,2 km",
        "dislivello": "190 metri (990-800)",
        "tempi": "10' avvicinamento + 1h 30' + 50' rientro",
        "navetta": "1,7 km",
        "materiale": "1 corda da 60 metri",
        "kmz_url": null,
        "foto_count": 3,
        "url": "https://www.cicarudeclan.com/ita/a5_faea.htm"
      }
    },
    {
      "type": "Feature",
      "geometry": null,
      "properties": {
        "nome": "Le Cuous",
        "nazione": "francia",
        "regione": "Sconosciuta",
        "difficolta": "v2 a3 III",
        "calate": "1, calata più alta 6 m",
        "calata_max": "6 metri",
        "lunghezza": "circa 1,8 km",
        "dislivello": "120 metri (800-680)",
        "tempi": "20' avvicinamento + 2h + 45' rientro",
        "navetta": "22,9 km",
        "materiale": "1 corda da 20 metri",
        "kmz_url": null,
        "foto_count": 3,
        "url": "https://www.cicarudeclan.com/ita/a5_cuous.htm"
      }
    },
    {
      "type": "Feature",
      "geometry": null,
      "properties": {
        "nome": "Vallon de Guiou",
        "nazione": "francia",
        "regione": "Sconosciuta",
        "difficolta": "v3 a2 III",
        "calate": "7, calata più alta 20 m",
        "calata_max": "20 metri",
        "lunghezza": "circa 3,8 km",
        "dislivello": "245 metri (680 - 435)",
        "tempi": "1h 30' avvicinamento + 3 h discesa",
        "navetta": "0 km",
        "materiale": "1 corda da 60 metri",
        "kmz_url": null,
        "foto_count": 3,
        "url": "https://www.cicarudeclan.com/ita/a5_guiou.htm"
      }
    },
    {
      "type": "Feature",
      "geometry": null,
      "properties": {
        "nome": "Vallon de la Réoune",
        "nazione": "francia",
        "regione": "Sconosciuta",
        "difficolta": "v4 a2 IV",
        "calate": "15, calata più alta 57 metri",
        "calata_max": "57 metri",
        "lunghezza": "circa 1,8 km",
        "dislivello": "570 metri (1070 - 500)",
        "tempi": "1h 15' avvicinamento + 4h 30' + 10' rientro",
        "navetta": "10,5 km",
        "materiale": "3 corde da 60 metri",
        "kmz_url": null,
        "foto_count": 2,
        "url": "https://www.cicarudeclan.com/ita/a5_reoune.htm"
      }
    },
    {
      "type": "Feature",
      "geometry": null,
      "properties": {
        "nome": "Clue de Riou",
        "nazione": "francia",
        "regione": "Sconosciuta",
        "difficolta": "v5 a2 IV",
        "calate": "9, calata più alta 60 metri",
        "calata_max": "60 metri",
        "lunghezza": "circa 1 km",
        "dislivello": "230 metri\n    (880-650)",
        "tempi": "1h 15'\n    avvicinamento + 3h discesa + 5' rientro",
        "navetta": "0 km",
        "materiale": "3 corde da 60 metri",
        "kmz_url": "https://www.cicarudeclan.com/GEarth/Le Riou.kmz",
        "foto_count": 3,
        "url": "https://www.cicarudeclan.com/ita/a5_riou.htm"
      }
    },
    {
      "type": "Feature",
      "geometry": null,
      "properties": {
        "nome": "Ravin de Mainmorte",
        "nazione": "francia",
        "regione": "Sconosciuta",
        "difficolta": "v4 a1 III",
        "calate": "9, calata più alta 45 metri",
        "calata_max": "45 metri",
        "lunghezza": "0,9 km",
        "dislivello": "190 metri (697 - 507)",
        "tempi": "15' avvicinamento + 2h 30' discesa + 3h 30' rientro",
        "navetta": "5 km",
        "materiale": "2 corde da 60 metri",
        "kmz_url": "https://www.cicarudeclan.com/GEarth/Ravin de Mainmorte.kmz",
        "foto_count": 4,
        "url": "https://www.cicarudeclan.com/ita/a5_mainmo.htm"
      }
    },
    {
      "type": "Feature",
      "geometry": null,
      "properties": {
        "nome": "Val d'Angouire",
        "nazione": "francia",
        "regione": "Sconosciuta",
        "difficolta": "v3 a2 III",
        "calate": "11, salto più alto 20 metri",
        "calata_max": null,
        "lunghezza": "2,5 km circa",
        "dislivello": "270 metri (810 - 540)",
        "tempi": "2h 15' avvicinamento + 4h discesa + 30' rientro",
        "navetta": "0 km",
        "materiale": "1 corda da 60 metri",
        "kmz_url": "https://www.cicarudeclan.com/GEarth/Val d'Angouire.kmz",
        "foto_count": 3,
        "url": "https://www.cicarudeclan.com/ita/a5_angou.htm"
      }
    },
    {
      "type": "Feature",
      "geometry": null,
      "properties": {
        "nome": "Ravin de Cabrielle",
        "nazione": "francia",
        "regione": "Sconosciuta",
        "difficolta": "v4 a1 III",
        "calate": "6, salto più alto 50 metri",
        "calata_max": null,
        "lunghezza": "0,3 km",
        "dislivello": "180 metri (680 - 500)",
        "tempi": "30' avvicinamento + 2h discesa + 45' nel Verdon + 30' rientro",
        "navetta": "1,5 km",
        "materiale": "2 corde da 60 metri",
        "kmz_url": "https://www.cicarudeclan.com/GEarth/Ravin de Cabrielle.kmz",
        "foto_count": 1,
        "url": "https://www.cicarudeclan.com/ita/a5_cabri.htm"
      }
    },
    {
      "type": "Feature",
      "geometry": null,
      "properties": {
        "nome": "Clue d'Haut Jabron",
        "nazione": "francia",
        "regione": "Sconosciuta",
        "difficolta": "v2 a2 II",
        "calate": "2, \n        calata più alta 10 metri",
        "calata_max": "10 metri",
        "lunghezza": "400 \n        m",
        "dislivello": "30\n        metri (870 - 840)",
        "tempi": "20' avvicinamento + 20' + 30' rientro",
        "navetta": "0 \n        km",
        "materiale": "1 corda da 30 metri",
        "kmz_url": null,
        "foto_count": 1,
        "url": "https://www.cicarudeclan.com/ita/a5_jabron.htm"
      }
    },
    {
      "type": "Feature",
      "geometry": null,
      "properties": {
        "nome": "Clue de Taulanne",
        "nazione": "francia",
        "regione": "Sconosciuta",
        "difficolta": null,
        "calate": null,
        "calata_max": null,
        "lunghezza": null,
        "dislivello": null,
        "tempi": null,
        "navetta": null,
        "materiale": null,
        "kmz_url": null,
        "foto_count": 0,
        "url": "https://www.cicarudeclan.com/ita/a5_taula.htm"
      }
    },
    {
      "type": "Feature",
      "geometry": null,
      "properties": {
        "nome": "Gorges de St. Pierre",
        "nazione": "francia",
        "regione": "Sconosciuta",
        "difficolta": null,
        "calate": null,
        "calata_max": null,
        "lunghezza": null,
        "dislivello": null,
        "tempi": null,
        "navetta": null,
        "materiale": null,
        "kmz_url": null,
        "foto_count": 0,
        "url": "https://www.cicarudeclan.com/ita/a5_pierre.htm"
      }
    },
    {
      "type": "Feature",
      "geometry": null,
      "properties": {
        "nome": "Cascades de Rest",
        "nazione": "francia",
        "regione": "Sconosciuta",
        "difficolta": "v5 a1 II",
        "calate": "7, salto piu' alto 60 m",
        "calata_max": null,
        "lunghezza": "circa \n        300 metri",
        "dislivello": "257 \n        metri (1657-1400)",
        "tempi": "45' \n        avvicinamento + 2h 30'discesa",
        "navetta": "0 \n        km",
        "materiale": "2 corde da 60 metri",
        "kmz_url": "https://www.cicarudeclan.com/GEarth/Cascades de Rest.kmz",
        "foto_count": 4,
        "url": "https://www.cicarudeclan.com/ita/a5_rest.htm"
      }
    },
    {
      "type": "Feature",
      "geometry": null,
      "properties": {
        "nome": "Ravine de Gimette",
        "nazione": "francia",
        "regione": "Sconosciuta",
        "difficolta": "v4 a2 III",
        "calate": "11, calata più alta 25 m",
        "calata_max": "25 metri",
        "lunghezza": "1 km",
        "dislivello": "195 metri (1335-1140)",
        "tempi": "3h discesa",
        "navetta": "1,8 km",
        "materiale": "1 corda da 60 metri",
        "kmz_url": "https://www.cicarudeclan.com/GEarth/Torrent de Gimette.kmz",
        "foto_count": 0,
        "url": "https://www.cicarudeclan.com/ita/a5_gime.htm"
      }
    },
    {
      "type": "Feature",
      "geometry": null,
      "properties": {
        "nome": "Ravin des Enfers",
        "nazione": "francia",
        "regione": "Sconosciuta",
        "difficolta": "v4 a2 IV",
        "calate": "37, calata più alta 35 metri",
        "calata_max": "35 metri",
        "lunghezza": "2,5\n    km circa",
        "dislivello": "515\n    metri (1415 - 900)",
        "tempi": "1h 45'\n    avvicinamento + 5h discesa + 15' rientro",
        "navetta": "8,5\n    km di cui circa 1 di sterrato",
        "materiale": "2 corde da 60 m",
        "kmz_url": null,
        "foto_count": 5,
        "url": "https://www.cicarudeclan.com/ita/a5_enfers.htm"
      }
    },
    {
      "type": "Feature",
      "geometry": null,
      "properties": {
        "nome": "Rio Sourd",
        "nazione": "francia",
        "regione": "Sconosciuta",
        "difficolta": "v3 a2 II",
        "calate": "7, calata più\n    alta 22 metri",
        "calata_max": null,
        "lunghezza": "0,5 km circa",
        "dislivello": "100 metri\n    (827-727)",
        "tempi": "40’\n    avvicinamento + 1h 45’ discesa + 5’ rientro",
        "navetta": "0 km",
        "materiale": "1 corda da 60 metri",
        "kmz_url": null,
        "foto_count": 0,
        "url": "https://www.cicarudeclan.com/ita/a5_sourd.htm"
      }
    },
    {
      "type": "Feature",
      "geometry": null,
      "properties": {
        "nome": "Canyon des Ecouges",
        "nazione": "francia",
        "regione": "Sconosciuta",
        "difficolta": "v5 a5 IV",
        "calate": "circa 20, calata più alta 70 metri (45+25 o 35+35)",
        "calata_max": "70 metri",
        "lunghezza": "1,7 km",
        "dislivello": "460 metri (880-420)",
        "tempi": "5h 30' discesa + 30' rientro",
        "navetta": "3,5 km",
        "materiale": "3 corde da 60 metri",
        "kmz_url": null,
        "foto_count": 4,
        "url": "https://www.cicarudeclan.com/ita/a5_ecouges.htm"
      }
    },
    {
      "type": "Feature",
      "geometry": null,
      "properties": {
        "nome": "La Pissarde",
        "nazione": "francia",
        "regione": "Sconosciuta",
        "difficolta": "v5 a2 II",
        "calate": "circa 12, calata più alta 83 metri (20 + 63)",
        "calata_max": "83 metri",
        "lunghezza": "1,2 km circa",
        "dislivello": "260 metri (660-400)",
        "tempi": "15' avvicinamento + 2h 30' + 5' rientro",
        "navetta": "2 km",
        "materiale": "3 corde da 60 metri",
        "kmz_url": null,
        "foto_count": 3,
        "url": "https://www.cicarudeclan.com/ita/a5_pissa.htm"
      }
    },
    {
      "type": "Feature",
      "geometry": null,
      "properties": {
        "nome": "Canyon du Furon",
        "nazione": "francia",
        "regione": "Sconosciuta",
        "difficolta": "v3 a3 II",
        "calate": "5, 2\n    evitabili, calata più alta 20 metri",
        "calata_max": "20 metri",
        "lunghezza": "1 km circa",
        "dislivello": "180 metri\n    (400-220)",
        "tempi": "30’\n    avvicinamento + 2h discesa",
        "navetta": "0 km",
        "materiale": "1 corda da 60 metri",
        "kmz_url": null,
        "foto_count": 0,
        "url": "https://www.cicarudeclan.com/ita/a5_furon.htm"
      }
    },
    {
      "type": "Feature",
      "geometry": null,
      "properties": {
        "nome": "Ruisseau de l'Alloix",
        "nazione": "francia",
        "regione": "Sconosciuta",
        "difficolta": "v4 a2 II",
        "calate": "7, calata più alta 40 m.",
        "calata_max": "40 metri",
        "lunghezza": "0,6 km",
        "dislivello": "220 metri (650-430)",
        "tempi": "10' accesso + 2h + 5' rientro",
        "navetta": "circa 2 km",
        "materiale": "2 corde da 60 metri",
        "kmz_url": null,
        "foto_count": 0,
        "url": "https://www.cicarudeclan.com/ita/a5_alloix.htm"
      }
    },
    {
      "type": "Feature",
      "geometry": null,
      "properties": {
        "nome": "Infernet (La Vence)",
        "nazione": "francia",
        "regione": "Sconosciuta",
        "difficolta": "v5 a4 III",
        "calate": "6, calata più alta 25 m",
        "calata_max": "25 metri",
        "lunghezza": "0,4 km",
        "dislivello": "70 metri (390-320)",
        "tempi": "15' accesso + 1h + 20' rientro",
        "navetta": "0 km",
        "materiale": "1 corda da 60 metri",
        "kmz_url": null,
        "foto_count": 0,
        "url": "https://www.cicarudeclan.com/ita/a5_infernetvence.htm"
      }
    },
    {
      "type": "Feature",
      "geometry": null,
      "properties": {
        "nome": "Les Oules des Freissinières",
        "nazione": "francia",
        "regione": "Sconosciuta",
        "difficolta": "v6 a5 IV",
        "calate": "13, calata più alta 60 m (25 + 35)",
        "calata_max": "60 metri",
        "lunghezza": "circa 1 km",
        "dislivello": "300 metri (1740-1440)",
        "tempi": "50' avvicinamento + 4 h 30' discesa",
        "navetta": "0 km",
        "materiale": "2 corde da 60 metri",
        "kmz_url": "https://www.cicarudeclan.com/GEarth/Les oules de Freissinieres.kmz",
        "foto_count": 6,
        "url": "https://www.cicarudeclan.com/ita/a5_freissinieres.htm"
      }
    },
    {
      "type": "Feature",
      "geometry": null,
      "properties": {
        "nome": "Torrent de Chichin (Dormillouse)",
        "nazione": "francia",
        "regione": "Sconosciuta",
        "difficolta": "v4 a4 III",
        "calate": "20, alcuni risalti non armati, cascata più alta 85 m (25 + 25+ 35)",
        "calata_max": null,
        "lunghezza": "circa 1,5 km",
        "dislivello": "320 metri (1760-1440)",
        "tempi": "50' avvicinamento + 4h",
        "navetta": "0 km",
        "materiale": "2 corde da 60 metri",
        "kmz_url": null,
        "foto_count": 0,
        "url": "https://www.cicarudeclan.com/ita/a5_chichin.htm"
      }
    },
    {
      "type": "Feature",
      "geometry": null,
      "properties": {
        "nome": "Male Vesse (parte bassa)",
        "nazione": "francia",
        "regione": "Sconosciuta",
        "difficolta": "v2 a1 II",
        "calate": "12, max 25 metri",
        "calata_max": null,
        "lunghezza": "2,5 km circa",
        "dislivello": "350 metri (1600-1250)",
        "tempi": "3h avvicinamento + 3h discesa + 15' rientro",
        "navetta": "0 km",
        "materiale": "2 x 60 m",
        "kmz_url": null,
        "foto_count": 5,
        "url": "https://www.cicarudeclan.com/ita/a5_malevesse_aval.htm"
      }
    },
    {
      "type": "Feature",
      "geometry": null,
      "properties": {
        "nome": "LLech (Cascades de la Fous)",
        "nazione": "francia",
        "regione": "Sconosciuta",
        "difficolta": "v3 a5 III",
        "calate": "7, calata più alta 18 m",
        "calata_max": "18 metri",
        "lunghezza": "circa 0,7 km",
        "dislivello": "160 metri (620 - 460)",
        "tempi": "30' avvicinamento + 2h + 20' rientro",
        "navetta": "0 km",
        "materiale": "1 corda da 60 metri",
        "kmz_url": null,
        "foto_count": 3,
        "url": "https://www.cicarudeclan.com/ita/a5_llech.htm"
      }
    },
    {
      "type": "Feature",
      "geometry": null,
      "properties": {
        "nome": "Cuenca del Rio Vero",
        "nazione": "spagna",
        "regione": "Sconosciuta",
        "difficolta": "v1 a3 III",
        "calate": "nessuna",
        "calata_max": null,
        "lunghezza": "circa\n    8 km",
        "dislivello": "120 metri (640 - 520)",
        "tempi": "5'\n    + 6h discesa fino al campeggio",
        "navetta": "0\n    km utilizzando il bus di linea (giornaliero in luglio e agosto, nei weekend in giugno e\n    settembre), 20 km",
        "materiale": "n.a.",
        "kmz_url": null,
        "foto_count": 2,
        "url": "https://www.cicarudeclan.com/ita/a5_vero.htm"
      }
    },
    {
      "type": "Feature",
      "geometry": null,
      "properties": {
        "nome": "Barranco del Mascun",
        "nazione": "spagna",
        "regione": "Sconosciuta",
        "difficolta": "v3 a3 IV",
        "calate": "11,\n    calata più alta 20 metri",
        "calata_max": "20 metri",
        "lunghezza": "circa\n    3,5 km",
        "dislivello": "200\n    metri (920 - 720)",
        "tempi": "3h 30'\n    avvicinamento + 3h 30' discesa + 2h rientro",
        "navetta": "0\n    km",
        "materiale": "1 corda da 60 metri",
        "kmz_url": null,
        "foto_count": 7,
        "url": "https://www.cicarudeclan.com/ita/a5_mascun.htm"
      }
    },
    {
      "type": "Feature",
      "geometry": null,
      "properties": {
        "nome": "Gorgas Negras",
        "nazione": "spagna",
        "regione": "Sconosciuta",
        "difficolta": "v3 a3 V",
        "calate": "circa 4, calata più alta 14 metri",
        "calata_max": "14 metri",
        "lunghezza": "circa 4,5 km",
        "dislivello": "250 metri (900 - 650)",
        "tempi": "3h avvicinamento + 6h + 1h 30' rientro dal Barrazil",
        "navetta": "circa 1,8 km",
        "materiale": "1 corda da 60 metri",
        "kmz_url": null,
        "foto_count": 3,
        "url": "https://www.cicarudeclan.com/ita/a5_gorgasnegras.htm"
      }
    },
    {
      "type": "Feature",
      "geometry": null,
      "properties": {
        "nome": "Rio Formiga",
        "nazione": "spagna",
        "regione": "Sconosciuta",
        "difficolta": "v2 a2 II",
        "calate": "3, calata più alta 6 metri",
        "calata_max": "6 metri",
        "lunghezza": "1,5 km circa",
        "dislivello": "80 metri (680-600)",
        "tempi": "50'\n    avvicinamento + 1h 30' discesa + 15' rientro",
        "navetta": "0\n    km",
        "materiale": "1 corda da 60 metri",
        "kmz_url": null,
        "foto_count": 4,
        "url": "https://www.cicarudeclan.com/ita/a5_formi.htm"
      }
    },
    {
      "type": "Feature",
      "geometry": null,
      "properties": {
        "nome": "Barranco de Otin",
        "nazione": "spagna",
        "regione": "Sconosciuta",
        "difficolta": "v4 a1 III",
        "calate": "8, calata più\n    alta 40 metri",
        "calata_max": null,
        "lunghezza": "circa 600 m",
        "dislivello": "250 metri (1000 - 750)",
        "tempi": "2h avvicinamento + 3h discesa + 1h 30' rientro",
        "navetta": "0 km",
        "materiale": "2 corde da\n    60 metri",
        "kmz_url": null,
        "foto_count": 4,
        "url": "https://www.cicarudeclan.com/ita/a5_otin.htm"
      }
    },
    {
      "type": "Feature",
      "geometry": null,
      "properties": {
        "nome": "Cueva Cabritos",
        "nazione": "spagna",
        "regione": "Sconosciuta",
        "difficolta": "v3 a1 III",
        "calate": "12, calata più alta 10 m",
        "calata_max": "10 metri",
        "lunghezza": "circa 1,7 km",
        "dislivello": "190 metri (750 - 560)",
        "tempi": "15' avvicinamento + 3h discesa + 1h 30' rientro",
        "navetta": "0 km",
        "materiale": "1 corda da 60 metri",
        "kmz_url": null,
        "foto_count": 5,
        "url": "https://www.cicarudeclan.com/ita/a5_cabrito.htm"
      }
    },
    {
      "type": "Feature",
      "geometry": null,
      "properties": {
        "nome": "Gorgonchon",
        "nazione": "spagna",
        "regione": "Sconosciuta",
        "difficolta": "v2 a3 II",
        "calate": "2, calata più\n    alta 8 metri",
        "calata_max": null,
        "lunghezza": "circa 600 m",
        "dislivello": "circa 30 metri\n    (550-520)",
        "tempi": "15' avvicinamento + 1h discesa + 30' rientro",
        "navetta": "0 km",
        "materiale": "1 corda da 60 metri",
        "kmz_url": null,
        "foto_count": 4,
        "url": "https://www.cicarudeclan.com/ita/a5_gorgo.htm"
      }
    },
    {
      "type": "Feature",
      "geometry": null,
      "properties": {
        "nome": "San Martin de la Cueva",
        "nazione": "spagna",
        "regione": "Sconosciuta",
        "difficolta": "v3 a1 III",
        "calate": "12, calata più alta 12 metri",
        "calata_max": "12 metri",
        "lunghezza": "circa 1 km",
        "dislivello": "100 metri",
        "tempi": "2h avvicinamento + 2h 30' discesa + 45' rientro",
        "navetta": "0 km",
        "materiale": "1 corda da 60 metri",
        "kmz_url": null,
        "foto_count": 0,
        "url": "https://www.cicarudeclan.com/ita/a5_stmartin.htm"
      }
    },
    {
      "type": "Feature",
      "geometry": null,
      "properties": {
        "nome": "Estrechos de Balces",
        "nazione": "spagna",
        "regione": "Sconosciuta",
        "difficolta": "v1 a4 III",
        "calate": "n.a.",
        "calata_max": null,
        "lunghezza": "circa 5 km",
        "dislivello": "40 metri (560 - 520)",
        "tempi": "avvicinamento da Cueva Cabritos + 3h discesa",
        "navetta": "circa 12 km",
        "materiale": "n.a.",
        "kmz_url": null,
        "foto_count": 3,
        "url": "https://www.cicarudeclan.com/ita/a5_balces.htm"
      }
    },
    {
      "type": "Feature",
      "geometry": null,
      "properties": {
        "nome": "Barrazil",
        "nazione": "spagna",
        "regione": "Sconosciuta",
        "difficolta": "v1 a4 II",
        "calate": "n.a.",
        "calata_max": null,
        "lunghezza": "circa 2,8 km",
        "dislivello": "50 metri (650 - 600)",
        "tempi": "avvicinamento da Gorgas Negras + 1h 30' discesa",
        "navetta": "circa 1,8 km",
        "materiale": "n.a.",
        "kmz_url": null,
        "foto_count": 1,
        "url": "https://www.cicarudeclan.com/ita/a5_barrazil.htm"
      }
    },
    {
      "type": "Feature",
      "geometry": null,
      "properties": {
        "nome": "Furco",
        "nazione": "spagna",
        "regione": "Sconosciuta",
        "difficolta": "v4 a3 II",
        "calate": "circa 4, calata più alta 25 metri",
        "calata_max": "25 metri",
        "lunghezza": "circa 600 m",
        "dislivello": "100 metri (1010 - 910)",
        "tempi": "20' avvicinamento + 1h",
        "navetta": "circa 1,5 km",
        "materiale": "1 corda da 60 metri",
        "kmz_url": null,
        "foto_count": 2,
        "url": "https://www.cicarudeclan.com/ita/a5_furco.htm"
      }
    },
    {
      "type": "Feature",
      "geometry": null,
      "properties": {
        "nome": "Garganta de Miraval",
        "nazione": "spagna",
        "regione": "Sconosciuta",
        "difficolta": "v1 a5 IV",
        "calate": "n.a.",
        "calata_max": null,
        "lunghezza": "circa 2 km",
        "dislivello": "100 metri (880 - 780)",
        "tempi": "5' avvicinamento + 4h + 30' rientro",
        "navetta": "circa 7 km",
        "materiale": "1 corda da 20 metri",
        "kmz_url": null,
        "foto_count": 3,
        "url": "https://www.cicarudeclan.com/ita/a5_miraval.htm"
      }
    },
    {
      "type": "Feature",
      "geometry": null,
      "properties": {
        "nome": "Cu du Mundu",
        "nazione": "spagna",
        "regione": "Sconosciuta",
        "difficolta": "v4 a1 IV",
        "calate": "17,\n    calata più alta 30 metri",
        "calata_max": "30 metri",
        "lunghezza": "500\n    metri",
        "dislivello": "250 metri (1200-950)",
        "tempi": "5'avvicinamento + 3h 30’ discesa + 35’ rientro",
        "navetta": "1,5\n    km",
        "materiale": "2 corde da 60 metri",
        "kmz_url": null,
        "foto_count": 3,
        "url": "https://www.cicarudeclan.com/ita/a5_consusa.htm"
      }
    },
    {
      "type": "Feature",
      "geometry": null,
      "properties": {
        "nome": "Trasito inferior",
        "nazione": "spagna",
        "regione": "Sconosciuta",
        "difficolta": "v3 a1 II",
        "calate": "circa 14, calata più alta 30 metri",
        "calata_max": "30 metri",
        "lunghezza": "circa 800 m",
        "dislivello": "160 metri (1060 - 900)",
        "tempi": "2h + 50' rientro",
        "navetta": "circa 1,5 km",
        "materiale": "1 corda da 60 metri",
        "kmz_url": null,
        "foto_count": 2,
        "url": "https://www.cicarudeclan.com/ita/a5_trasitoinf.htm"
      }
    },
    {
      "type": "Feature",
      "geometry": null,
      "properties": {
        "nome": "Cu du Mundu",
        "nazione": "spagna",
        "regione": "Sconosciuta",
        "difficolta": "v4 a2 IV",
        "calate": "9,\n    calata più alta 45 metri (65 se non frazionata)",
        "calata_max": "45 metri",
        "lunghezza": "900\n    metri",
        "dislivello": "450 metri (1400-950)",
        "tempi": "1h     avvicinamento + 3h 30’ discesa + 10’ rientro",
        "navetta": "0\n    km",
        "materiale": "2 corde da 60 metri (2 x 70 mt non frazionando)",
        "kmz_url": null,
        "foto_count": 3,
        "url": "https://www.cicarudeclan.com/ita/a5_canal.htm"
      }
    },
    {
      "type": "Feature",
      "geometry": null,
      "properties": {
        "nome": "Gorg Blau y Sa Fosca",
        "nazione": "maiorca",
        "regione": "Sconosciuta",
        "difficolta": "v3 a3 VI",
        "calate": "circa 30, quasi tutte obbligatorie, calata più alta 25 metri",
        "calata_max": "25 metri",
        "lunghezza": "5 km circa",
        "dislivello": "500 m (600-100)",
        "tempi": "10' avvicinamento + 6h 30' + 2h 15' rientro",
        "navetta": "12 km",
        "materiale": "2 corde da 60 metri, illuminazione frontale",
        "kmz_url": null,
        "foto_count": 0,
        "url": "https://www.cicarudeclan.com/ita/a5_fosca.htm"
      }
    },
    {
      "type": "Feature",
      "geometry": null,
      "properties": {
        "nome": "Torrent de Valdemossa",
        "nazione": "maiorca",
        "regione": "Sconosciuta",
        "difficolta": "v4 a1 III",
        "calate": "circa\n    10, calata più alta 55 metri",
        "calata_max": "55 metri",
        "lunghezza": "800\n    metri circa",
        "dislivello": "250\n    metri (280-30)",
        "tempi": "15' avvicinamento\n    + 2h 45' discesa + 15' rientro",
        "navetta": "circa\n    4,5 km",
        "materiale": "2 corde da 60 metri, indumenti da forra secca",
        "kmz_url": null,
        "foto_count": 0,
        "url": "https://www.cicarudeclan.com/ita/a5_valdemossa.htm"
      }
    },
    {
      "type": "Feature",
      "geometry": null,
      "properties": {
        "nome": "Torrent de Comafreda",
        "nazione": "maiorca",
        "regione": "Sconosciuta",
        "difficolta": "v3 a1 III",
        "calate": "circa\n    12, calata più alta 15 metri",
        "calata_max": "15 metri",
        "lunghezza": "2,5\n    km circa",
        "dislivello": "380\n    m (500-120)",
        "tempi": "5' avvicinamento\n    + 3h discesa + 45' rientro",
        "navetta": "4\n    km",
        "materiale": "1\n    corda da 60 metri, indumenti da forra secca",
        "kmz_url": null,
        "foto_count": 0,
        "url": "https://www.cicarudeclan.com/ita/a5_comafreda.htm"
      }
    },
    {
      "type": "Feature",
      "geometry": null,
      "properties": {
        "nome": "Frauenbach",
        "nazione": "austria",
        "regione": "Sconosciuta",
        "difficolta": "v4 a2 IV",
        "calate": "circa\n    25, quasi tutte obbligatorie, calata più alta 30 metri",
        "calata_max": "30 metri",
        "lunghezza": "circa\n    600 m",
        "dislivello": "300\n    metri (970-670)",
        "tempi": "30'\n    avvicinamento + 4h discesa",
        "navetta": "0\n    km",
        "materiale": "2 corde da 60 metri",
        "kmz_url": null,
        "foto_count": 0,
        "url": "https://www.cicarudeclan.com/ita/a5_fraue.htm"
      }
    },
    {
      "type": "Feature",
      "geometry": null,
      "properties": {
        "nome": "Silberbach",
        "nazione": "austria",
        "regione": "Sconosciuta",
        "difficolta": "v5 a3 III",
        "calate": "7,\n    tutte obbligatorie, calata più alta 60 metri",
        "calata_max": "60 metri",
        "lunghezza": "circa\n    400 m",
        "dislivello": "150\n    metri (850-700)",
        "tempi": "10'\n    avvicinamento + 1h 45' discesa + 10' rientro",
        "navetta": "circa\n    4 km",
        "materiale": "2 corde da 60 metri",
        "kmz_url": null,
        "foto_count": 0,
        "url": "https://www.cicarudeclan.com/ita/a5_silber.htm"
      }
    },
    {
      "type": "Feature",
      "geometry": null,
      "properties": {
        "nome": "Mauthernklamm",
        "nazione": "austria",
        "regione": "Sconosciuta",
        "difficolta": "v3 a4 III",
        "calate": "nessuna\n    obbligatoria, il torrente è interamente percorso da una via ferrata; il salto più alto\n    è di circa 12 metri",
        "calata_max": null,
        "lunghezza": "circa\n    2,5 km",
        "dislivello": "130\n    metri (900-770)",
        "tempi": "5'\n    avvicinamento + 2h 30' discesa + 40' rientro",
        "navetta": "circa\n    4 km",
        "materiale": "1 corda da 60 metri",
        "kmz_url": null,
        "foto_count": 0,
        "url": "https://www.cicarudeclan.com/ita/a5_mauther.htm"
      }
    },
    {
      "type": "Feature",
      "geometry": null,
      "properties": {
        "nome": "Grabenbach",
        "nazione": "austria",
        "regione": "Sconosciuta",
        "difficolta": "v4 a4 III",
        "calate": "10, calata più alta 15 metri",
        "calata_max": "15 metri",
        "lunghezza": "circa 2 km",
        "dislivello": "210 metri (775-565)",
        "tempi": "45' avvicinamento + 3h 30' + 10' rientro",
        "navetta": "0 km",
        "materiale": "1 corda da 60 metri",
        "kmz_url": null,
        "foto_count": 3,
        "url": "https://www.cicarudeclan.com/ita/a5_grabenbach.htm"
      }
    },
    {
      "type": "Feature",
      "geometry": null,
      "properties": {
        "nome": "Muhlbach",
        "nazione": "austria",
        "regione": "Sconosciuta",
        "difficolta": "v4 a1 II",
        "calate": "5, calata più alta 35 metri",
        "calata_max": "35 metri",
        "lunghezza": "circa 0,2 km",
        "dislivello": "85 metri (645-560)",
        "tempi": "15' avvicinamento + 1h + 5' rientro",
        "navetta": "0 km",
        "materiale": "2 corde da 60 metri",
        "kmz_url": null,
        "foto_count": 3,
        "url": "https://www.cicarudeclan.com/ita/a5_muhlbach.htm"
      }
    },
    {
      "type": "Feature",
      "geometry": null,
      "properties": {
        "nome": "Sahierbach",
        "nazione": "austria",
        "regione": "Sconosciuta",
        "difficolta": "v4 a1 II",
        "calate": "7, calata più alta 35 metri",
        "calata_max": "35 metri",
        "lunghezza": "circa 0,4 km",
        "dislivello": "90 metri (640-550)",
        "tempi": "30' avvicinamento + 1h 30' + 5' rientro",
        "navetta": "0 km",
        "materiale": "2 corde da 60 metri",
        "kmz_url": null,
        "foto_count": 3,
        "url": "https://www.cicarudeclan.com/ita/a5_sahierbach.htm"
      }
    },
    {
      "type": "Feature",
      "geometry": null,
      "properties": {
        "nome": "Strubklamm",
        "nazione": "austria",
        "regione": "Sconosciuta",
        "difficolta": "v2 a4 IV",
        "calate": "4, calata più alta 10 metri",
        "calata_max": "10 metri",
        "lunghezza": "circa 3 km",
        "dislivello": "100 metri (690-590)",
        "tempi": "5' avvicinamento + 3h + 5' rientro",
        "navetta": "4,7 km",
        "materiale": "1 corda da 60 metri",
        "kmz_url": null,
        "foto_count": 3,
        "url": "https://www.cicarudeclan.com/ita/a5_strubklamm.htm"
      }
    },
    {
      "type": "Feature",
      "geometry": null,
      "properties": {
        "nome": "Val Cresciano",
        "nazione": "svizzera",
        "regione": "Sconosciuta",
        "difficolta": "v3 a3 II",
        "calate": "15, \n        10 obbligatorie, calata più alta 28 metri",
        "calata_max": "28 metri",
        "lunghezza": "circa \n        700 m",
        "dislivello": "210 \n        metri (480-270)",
        "tempi": "30' \n        avvicinamento + 2h discesa",
        "navetta": "0 \n        km",
        "materiale": "2 corde da 60 metri",
        "kmz_url": null,
        "foto_count": 3,
        "url": "https://www.cicarudeclan.com/ita/a5_cresci.htm"
      }
    },
    {
      "type": "Feature",
      "geometry": null,
      "properties": {
        "nome": "Riale di Iragna",
        "nazione": "svizzera",
        "regione": "Sconosciuta",
        "difficolta": "v4 a4 III",
        "calate": "7, \n          di cui 5 obbligatorie, calata più alta 40 metri",
        "calata_max": "40 metri",
        "lunghezza": "circa \n          500 m",
        "dislivello": "130 \n          metri (420-290)",
        "tempi": "20' \n          avvicinamento + 2h discesa",
        "navetta": "0 \n          km",
        "materiale": "2 corde da 60 metri",
        "kmz_url": null,
        "foto_count": 0,
        "url": "https://www.cicarudeclan.com/ita/a5_iragna.htm"
      }
    },
    {
      "type": "Feature",
      "geometry": null,
      "properties": {
        "nome": "Val Combra",
        "nazione": "svizzera",
        "regione": "Sconosciuta",
        "difficolta": "v3 a4 III",
        "calate": "9, \n          quasi tutte evitabili, calata più alta 22 metri",
        "calata_max": "22 metri",
        "lunghezza": "circa \n          600 metri",
        "dislivello": "110 \n          metri (1140-1030)",
        "tempi": "30' \n          avvicinamento + 2h discesa + 15' rientro",
        "navetta": "0 \n          km",
        "materiale": "2 corde da 60 metri",
        "kmz_url": null,
        "foto_count": 0,
        "url": "https://www.cicarudeclan.com/ita/a5_combra.htm"
      }
    },
    {
      "type": "Feature",
      "geometry": null,
      "properties": {
        "nome": "Val D'Ambra Superiore",
        "nazione": "svizzera",
        "regione": "Sconosciuta",
        "difficolta": "v3 a6 IV",
        "calate": "2 obbligatorie, salto piu' alto 15 m, nessuna obbligatoria con portate normali",
        "calata_max": null,
        "lunghezza": "circa\n    2,5 km",
        "dislivello": "220 metri (840-620)",
        "tempi": "1h avvicinamento + 4h 30' discesa",
        "navetta": "0\n    km",
        "materiale": "1 corda da 60 metri",
        "kmz_url": null,
        "foto_count": 0,
        "url": "https://www.cicarudeclan.com/ita/a5_ambra_sup.htm"
      }
    },
    {
      "type": "Feature",
      "geometry": null,
      "properties": {
        "nome": "Val Malvaglia Inferiore",
        "nazione": "svizzera",
        "regione": "Sconosciuta",
        "difficolta": "v6 a4 IV",
        "calate": "circa 10, calata più alta 90 metri frazionata 50 + 40",
        "calata_max": "90 metri",
        "lunghezza": "circa 1 km",
        "dislivello": "180 metri (560-380)",
        "tempi": "10' avvicinamento + 3h discesa",
        "navetta": "circa 2 km",
        "materiale": "3 corde da 60 metri",
        "kmz_url": null,
        "foto_count": 0,
        "url": "https://www.cicarudeclan.com/ita/a5_malvaglia_inf.htm"
      }
    },
    {
      "type": "Feature",
      "geometry": null,
      "properties": {
        "nome": "Val d'Osogna inferiore",
        "nazione": "svizzera",
        "regione": "Sconosciuta",
        "difficolta": "v5 a4 III",
        "calate": "11, più alta 50 metri",
        "calata_max": null,
        "lunghezza": "circa\n    1 km",
        "dislivello": "170 metri (450-280)",
        "tempi": "30' avvicinamento+ 2h 30' + 5' rientro",
        "navetta": "0 km",
        "materiale": "2 corde da 60 m",
        "kmz_url": null,
        "foto_count": 3,
        "url": "https://www.cicarudeclan.com/ita/a5_osogna.htm"
      }
    },
    {
      "type": "Feature",
      "geometry": null,
      "properties": {
        "nome": "Corrego da Beira do Lombo Queimado (Jungle Rain)",
        "nazione": "svizzera",
        "regione": "Sconosciuta",
        "difficolta": "v5 a3 III",
        "calate": "22, calata più alta 65 m (25 + 40)",
        "calata_max": "65 metri",
        "lunghezza": "circa 1 km",
        "dislivello": "470 metri (760-290)",
        "tempi": "1h 30' avvicinamento + 4h + 5' rientro",
        "navetta": "0 km",
        "materiale": "3 corde da 60 metri",
        "kmz_url": null,
        "foto_count": 3,
        "url": "https://www.cicarudeclan.com/ita/a5_censo.htm"
      }
    },
    {
      "type": "Feature",
      "geometry": null,
      "properties": {
        "nome": "Val Pontirone",
        "nazione": "svizzera",
        "regione": "Sconosciuta",
        "difficolta": "v4 a4 IV",
        "calate": "20, calata più alta 42 metri",
        "calata_max": "42 metri",
        "lunghezza": "circa 1,7 km",
        "dislivello": "460 metri (820-360)",
        "tempi": "5' avvicinamento + 6h",
        "navetta": "circa 8 km",
        "materiale": "2 corde da 60 metri",
        "kmz_url": null,
        "foto_count": 3,
        "url": "https://www.cicarudeclan.com/ita/a5_pontirone.htm"
      }
    },
    {
      "type": "Feature",
      "geometry": null,
      "properties": {
        "nome": "Zwischbergen",
        "nazione": "svizzera",
        "regione": "Sconosciuta",
        "difficolta": "v4 a4 III",
        "calate": "circa\n    7, calata più alta 40 metri",
        "calata_max": "40 metri",
        "lunghezza": "circa\n    1 km (400 m + 600 m)",
        "dislivello": "160\n    metri (1000-840)",
        "tempi": "2'\n    accesso + 2h 30' discesa",
        "navetta": "1,8\n    km",
        "materiale": "2 corde da 60 metri",
        "kmz_url": null,
        "foto_count": 0,
        "url": "https://www.cicarudeclan.com/ita/a5_zwisch.htm"
      }
    },
    {
      "type": "Feature",
      "geometry": null,
      "properties": {
        "nome": "Mlinarica",
        "nazione": "slovenia",
        "regione": "Sconosciuta",
        "difficolta": "v5 a2 III",
        "calate": "16, calata più alta 55 metri",
        "calata_max": "55 metri",
        "lunghezza": "circa 1,2 km",
        "dislivello": "270 metri (1050-780)",
        "tempi": "5' avvicinamento + 3h 30' + 5' rientro",
        "navetta": "4 km",
        "materiale": "3 corde da 60 metri",
        "kmz_url": null,
        "foto_count": 3,
        "url": "https://www.cicarudeclan.com/ita/a5_mlinarica.htm"
      }
    },
    {
      "type": "Feature",
      "geometry": null,
      "properties": {
        "nome": "Gole della Vacca",
        "nazione": "corsica",
        "regione": "Sconosciuta",
        "difficolta": "v2 a4 II",
        "calate": "3, calata più alta 15 metri",
        "calata_max": "15 metri",
        "lunghezza": "circa 1 km",
        "dislivello": "75 metri (350-275)",
        "tempi": "35' avvicinamento + 2h discesa + 1h 20' rientro",
        "navetta": "0 km",
        "materiale": "1 corda da 60 metri",
        "kmz_url": null,
        "foto_count": 0,
        "url": "https://www.cicarudeclan.com/ita/a5_vacca.htm"
      }
    },
    {
      "type": "Feature",
      "geometry": null,
      "properties": {
        "nome": "Ruisseau de Fiumicelli",
        "nazione": "corsica",
        "regione": "Sconosciuta",
        "difficolta": "v1 a3 II",
        "calate": "0",
        "calata_max": null,
        "lunghezza": "circa 2,2 km",
        "dislivello": "134 metri (292-158)",
        "tempi": "20' avvicinamento + 2h 15' discesa",
        "navetta": "2,5 km",
        "materiale": "n.a.",
        "kmz_url": null,
        "foto_count": 1,
        "url": "https://www.cicarudeclan.com/ita/a5_fiumi.htm"
      }
    },
    {
      "type": "Feature",
      "geometry": null,
      "properties": {
        "nome": "Ciuffatu",
        "nazione": "corsica",
        "regione": "Sconosciuta",
        "difficolta": "v4 a2 II",
        "calate": "4, calata più alta 50 metri (6 + 44)",
        "calata_max": "50 metri",
        "lunghezza": "circa 1,2 km",
        "dislivello": "155 metri (255-100)",
        "tempi": "1h 15' avvicinamento + 2h discesa + 20' rientro",
        "navetta": "circa 1,5 km",
        "materiale": "2 corde da 60 metri",
        "kmz_url": null,
        "foto_count": 3,
        "url": "https://www.cicarudeclan.com/ita/a5_ciuffatu.htm"
      }
    },
    {
      "type": "Feature",
      "geometry": null,
      "properties": {
        "nome": "Purcaraccia",
        "nazione": "corsica",
        "regione": "Sconosciuta",
        "difficolta": "v4 a3 II",
        "calate": "circa 8, quasi tutte evitabili, la più alta è 45 metri",
        "calata_max": null,
        "lunghezza": "circa 0,7 km",
        "dislivello": "150 metri (780-630)",
        "tempi": "1h 15' avvicinamento + 2h 30' discesa + 30' rientro",
        "navetta": "0 km",
        "materiale": "2 corde da 60 metri",
        "kmz_url": null,
        "foto_count": 3,
        "url": "https://www.cicarudeclan.com/ita/a5_purcaraccia.htm"
      }
    },
    {
      "type": "Feature",
      "geometry": null,
      "properties": {
        "nome": "Polischellu",
        "nazione": "corsica",
        "regione": "Sconosciuta",
        "difficolta": "v3 a3 II",
        "calate": "6, calata più alta 22 metri",
        "calata_max": "22 metri",
        "lunghezza": "circa 0,8 km",
        "dislivello": "125 metri (610-485)",
        "tempi": "1h 15' avvicinamento + 2h discesa + 5' rientro",
        "navetta": "0 km",
        "materiale": "1 corda da 60 metri",
        "kmz_url": null,
        "foto_count": 3,
        "url": "https://www.cicarudeclan.com/ita/a5_polischellu.htm"
      }
    },
    {
      "type": "Feature",
      "geometry": null,
      "properties": {
        "nome": "Piscia di Gallu",
        "nazione": "corsica",
        "regione": "Sconosciuta",
        "difficolta": "v5 a4 II",
        "calate": "6, calata più alta 55 metri",
        "calata_max": "55 metri",
        "lunghezza": "circa 0,4 km",
        "dislivello": "110 metri (870-760)",
        "tempi": "20' avvicinamento + 1h 30' discesa + 40' rientro",
        "navetta": "0 km",
        "materiale": "2 corde da 60 metri",
        "kmz_url": null,
        "foto_count": 2,
        "url": "https://www.cicarudeclan.com/ita/a5_gallu.htm"
      }
    },
    {
      "type": "Feature",
      "geometry": null,
      "properties": {
        "nome": "A Richiusa",
        "nazione": "corsica",
        "regione": "Sconosciuta",
        "difficolta": "v3 a2 II",
        "calate": "8, calata più alta 15 metri",
        "calata_max": "15 metri",
        "lunghezza": "circa 1,4 km",
        "dislivello": "200 metri (820-620)",
        "tempi": "1h avvicinamento + 2h 30' discesa + 10' rientro",
        "navetta": "0 km",
        "materiale": "1 corda da 60 metri",
        "kmz_url": null,
        "foto_count": 2,
        "url": "https://www.cicarudeclan.com/ita/a5_richiusa.htm"
      }
    },
    {
      "type": "Feature",
      "geometry": null,
      "properties": {
        "nome": "Baraci",
        "nazione": "corsica",
        "regione": "Sconosciuta",
        "difficolta": "v2 a2 II",
        "calate": "6, calata più alta 12 metri",
        "calata_max": "12 metri",
        "lunghezza": "circa 0,5 km",
        "dislivello": "120 metri (490-370)",
        "tempi": "5' avvicinamento + 1h 30' discesa + 15' rientro",
        "navetta": "0 km",
        "materiale": "1 corda da 60 metri",
        "kmz_url": null,
        "foto_count": 2,
        "url": "https://www.cicarudeclan.com/ita/a5_baraci.htm"
      }
    },
    {
      "type": "Feature",
      "geometry": null,
      "properties": {
        "nome": "Ruisseau de Vivaggio",
        "nazione": "corsica",
        "regione": "Sconosciuta",
        "difficolta": "v4 a2 III",
        "calate": "6, alcune evitabili, calata più alta 40 metri",
        "calata_max": "40 metri",
        "lunghezza": "circa 4 km",
        "dislivello": "325 metri (450-125)",
        "tempi": "1h avvicinamento + 3h 45' + 15' rientro",
        "navetta": "0 km",
        "materiale": "2 corde da 60 metri",
        "kmz_url": null,
        "foto_count": 0,
        "url": "https://www.cicarudeclan.com/ita/a5_vivaggio.htm"
      }
    },
    {
      "type": "Feature",
      "geometry": null,
      "properties": {
        "nome": "Ziocu",
        "nazione": "corsica",
        "regione": "Sconosciuta",
        "difficolta": "v4 a3 IV",
        "calate": "circa 10, calata più alta 22 metri",
        "calata_max": "22 metri",
        "lunghezza": "circa 2,3 km",
        "dislivello": "347 metri (1044-697)",
        "tempi": "15' avvicinamento + 3h 30' + 15' rientro",
        "navetta": "circa 5 km",
        "materiale": "1 corda da 60 metri",
        "kmz_url": null,
        "foto_count": 3,
        "url": "https://www.cicarudeclan.com/ita/a5_ziocu.htm"
      }
    },
    {
      "type": "Feature",
      "geometry": null,
      "properties": {
        "nome": "Ravin du Dardo",
        "nazione": "corsica",
        "regione": "Sconosciuta",
        "difficolta": "v3 a2 IV",
        "calate": "circa 14, calata più alta 30 metri",
        "calata_max": "30 metri",
        "lunghezza": "circa 1,7 km",
        "dislivello": "397 metri (467-70)",
        "tempi": "5' avvicinamento + 4h + 50' rientro",
        "navetta": "circa 2 km",
        "materiale": "2 corde da 60 metri",
        "kmz_url": null,
        "foto_count": 3,
        "url": "https://www.cicarudeclan.com/ita/a5_dardo.htm"
      }
    },
    {
      "type": "Feature",
      "geometry": null,
      "properties": {
        "nome": "Ruisseau de Sulleoni",
        "nazione": "corsica",
        "regione": "Sconosciuta",
        "difficolta": "v4 a3 IV",
        "calate": "circa 13, calata più alta 65 metri, eventualmente (45 + 20)",
        "calata_max": "65 metri",
        "lunghezza": "circa 1 km",
        "dislivello": "230 metri (300-70)",
        "tempi": "45' avvicinamento + 4h + 45' rientro",
        "navetta": "12,5 km",
        "materiale": "2 corde da 70 metri",
        "kmz_url": null,
        "foto_count": 3,
        "url": "https://www.cicarudeclan.com/ita/a5_sulleoni.htm"
      }
    },
    {
      "type": "Feature",
      "geometry": null,
      "properties": {
        "nome": "Ravin de Missoghju",
        "nazione": "corsica",
        "regione": "Sconosciuta",
        "difficolta": "v4 a2 IV",
        "calate": "10, calata più alta 75 metri (40+35)",
        "calata_max": "75 metri",
        "lunghezza": "circa 0,5 km",
        "dislivello": "430 metri (960 - 530)",
        "tempi": "3h avvicinamento + 4h + 1h 15' rientro",
        "navetta": "0 km",
        "materiale": "3 corde da 60 metri",
        "kmz_url": null,
        "foto_count": 3,
        "url": "https://www.cicarudeclan.com/ita/a5_missoghju.htm"
      }
    },
    {
      "type": "Feature",
      "geometry": null,
      "properties": {
        "nome": "Ruisseau de Catena",
        "nazione": "corsica",
        "regione": "Sconosciuta",
        "difficolta": "v4 a2 II",
        "calate": "8, calata più alta 30 metri",
        "calata_max": "30 metri",
        "lunghezza": "circa 0,9 km",
        "dislivello": "210 metri (710 - 500)",
        "tempi": "5' avvicinamento + 2h 30' + 20' rientro",
        "navetta": "10,2 km",
        "materiale": "1 corda da 60 metri",
        "kmz_url": null,
        "foto_count": 3,
        "url": "https://www.cicarudeclan.com/ita/a5_catena.htm"
      }
    },
    {
      "type": "Feature",
      "geometry": null,
      "properties": {
        "nome": "Ravin de Falconaia",
        "nazione": "corsica",
        "regione": "Sconosciuta",
        "difficolta": "v4 a1 II",
        "calate": "9, calata più alta 70 metri (35+35)",
        "calata_max": "70 metri",
        "lunghezza": "circa 0,5 km",
        "dislivello": "270 metri (800 - 530)",
        "tempi": "1h avvicinamento + 3h",
        "navetta": "0 km",
        "materiale": "3 corde da 60 metri",
        "kmz_url": null,
        "foto_count": 3,
        "url": "https://www.cicarudeclan.com/ita/a5_falconaia.htm"
      }
    },
    {
      "type": "Feature",
      "geometry": null,
      "properties": {
        "nome": "Ruisseau de la Ruda",
        "nazione": "corsica",
        "regione": "Sconosciuta",
        "difficolta": "v3 a3 II",
        "calate": "5, calata più alta 13 metri",
        "calata_max": "13 metri",
        "lunghezza": "circa 1 km",
        "dislivello": "220 metri (780 - 560)",
        "tempi": "1h 15' avvicinamento + 2h 30' + 10' rientro",
        "navetta": "0 km",
        "materiale": "1 corda da 60 metri",
        "kmz_url": null,
        "foto_count": 3,
        "url": "https://www.cicarudeclan.com/ita/a5_ruda.htm"
      }
    },
    {
      "type": "Feature",
      "geometry": null,
      "properties": {
        "nome": "Skurda Kanjon",
        "nazione": "montenegro",
        "regione": "Sconosciuta",
        "difficolta": "v4 a1 III",
        "calate": "22, calata più alta 45 metri",
        "calata_max": "45 metri",
        "lunghezza": "circa 2 km",
        "dislivello": "725 metri (730-5)",
        "tempi": "15' avvicinamento + 5h + 5' rientro",
        "navetta": "23,5 km",
        "materiale": "3 corde da 60 metri",
        "kmz_url": null,
        "foto_count": 3,
        "url": "https://www.cicarudeclan.com/ita/a5_skurda.htm"
      }
    },
    {
      "type": "Feature",
      "geometry": null,
      "properties": {
        "nome": "Jezerac",
        "nazione": "montenegro",
        "regione": "Sconosciuta",
        "difficolta": "v3 a1 III",
        "calate": "6, calata più alta 25 metri",
        "calata_max": "25 metri",
        "lunghezza": "circa 2 km",
        "dislivello": "560 metri (1150-590)",
        "tempi": "15' avvicinamento + 4h + 15' rientro",
        "navetta": "circa 23 km",
        "materiale": "1 corda da 60 metri",
        "kmz_url": null,
        "foto_count": 3,
        "url": "https://www.cicarudeclan.com/ita/a5_jezerac.htm"
      }
    },
    {
      "type": "Feature",
      "geometry": null,
      "properties": {
        "nome": "Suhodo",
        "nazione": "montenegro",
        "regione": "Sconosciuta",
        "difficolta": "v3 a1 III",
        "calate": "12, calata più alta 30 metri",
        "calata_max": "30 metri",
        "lunghezza": "circa 1,5 km",
        "dislivello": "566 metri (1150-584)",
        "tempi": "15' avvicinamento + 3h + 1h 15' rientro",
        "navetta": "circa 10 km",
        "materiale": "1 corda da 60 metri",
        "kmz_url": null,
        "foto_count": 3,
        "url": "https://www.cicarudeclan.com/ita/a5_suhodo.htm"
      }
    },
    {
      "type": "Feature",
      "geometry": null,
      "properties": {
        "nome": "Nevidio",
        "nazione": "montenegro",
        "regione": "Sconosciuta",
        "difficolta": "v2 a4 III",
        "calate": "6, calata più alta 10 metri",
        "calata_max": "10 metri",
        "lunghezza": "circa 1,5 km",
        "dislivello": "130 metri (920-790)",
        "tempi": "5' avvicinamento + 2h 30' + 40' rientro",
        "navetta": "0 km",
        "materiale": "1 corda da 60 metri",
        "kmz_url": null,
        "foto_count": 3,
        "url": "https://www.cicarudeclan.com/ita/a5_nevidio.htm"
      }
    },
    {
      "type": "Feature",
      "geometry": null,
      "properties": {
        "nome": "Gorgopotamos",
        "nazione": "grecia",
        "regione": "Sconosciuta",
        "difficolta": "v5 a5 VI",
        "calate": "circa 35, calata più alta 85 metri (55+30)",
        "calata_max": "85 metri",
        "lunghezza": "circa 4,5 km",
        "dislivello": "850 metri (1080-230)",
        "tempi": "10' avvicinamento + 10 h + 5' rientro",
        "navetta": "18,1 km",
        "materiale": "4 corde da 60 metri",
        "kmz_url": null,
        "foto_count": 0,
        "url": "https://www.cicarudeclan.com/ita/a5_gorgopotamos.htm"
      }
    },
    {
      "type": "Feature",
      "geometry": null,
      "properties": {
        "nome": "Corrego da Beira do Lombo Queimado (Jungle Rain)",
        "nazione": "madeira",
        "regione": "Sconosciuta",
        "difficolta": "v6 a2 IV",
        "calate": "38, calata più alta 105 metri (30+30+45)",
        "calata_max": "105 metri",
        "lunghezza": "circa 1 km",
        "dislivello": "550 metri (1390-840)",
        "tempi": "30' avvicinamento + 5h 30' + 1h rientro",
        "navetta": "circa 30 km",
        "materiale": "4 corde da 60 metri",
        "kmz_url": null,
        "foto_count": 0,
        "url": "https://www.cicarudeclan.com/ita/a5_lomboqueimado.htm"
      }
    },
    {
      "type": "Feature",
      "geometry": null,
      "properties": {
        "nome": "Ribeira do Vimieiro (Canyon du Retour)",
        "nazione": "madeira",
        "regione": "Sconosciuta",
        "difficolta": "v4 a2 III",
        "calate": "16, calata più alta 64 metri (mc 10 + 18 + 36)",
        "calata_max": "64 metri",
        "lunghezza": "circa 0,5 km",
        "dislivello": "315 metri (840-525)",
        "tempi": "1h 15' avvicinamento + 3h 30' + 30' rientro",
        "navetta": "0 km",
        "materiale": "3 corde da 60 metri",
        "kmz_url": null,
        "foto_count": 0,
        "url": "https://www.cicarudeclan.com/ita/a5_vimieiro.htm"
      }
    },
    {
      "type": "Feature",
      "geometry": null,
      "properties": {
        "nome": "Ferriere",
        "nazione": "reunion",
        "regione": "Sconosciuta",
        "difficolta": "v5 a1 III",
        "calate": "7, calata più\n    alta 75 o 60 m, salto più alto 95 m",
        "calata_max": null,
        "lunghezza": "400\n    m circa",
        "dislivello": "190 m (1170-980)",
        "tempi": "3h 30’ +\n    40’ rientro",
        "navetta": "2 km circa",
        "materiale": "2 corde da 100 m, 1 corda da 60 m, muta non indispensabile",
        "kmz_url": null,
        "foto_count": 0,
        "url": "https://www.cicarudeclan.com/ita/a5_ferr.htm"
      }
    },
    {
      "type": "Feature",
      "geometry": null,
      "properties": {
        "nome": "Fleurs Jaunes",
        "nazione": "reunion",
        "regione": "Sconosciuta",
        "difficolta": "v5 a3 V",
        "calate": "13, \n          calata più alta 50 metri, salto più alto 140 m",
        "calata_max": "50 metri",
        "lunghezza": "1 \n          km circa",
        "dislivello": "480 \n          m (1230-750)",
        "tempi": "6h \n          30’ + 2h rientro",
        "navetta": "9 \n          km circa",
        "materiale": "1 corda da 100 m, 2 corde da 60 m",
        "kmz_url": null,
        "foto_count": 1,
        "url": "https://www.cicarudeclan.com/ita/a5_fleu.htm"
      }
    },
    {
      "type": "Feature",
      "geometry": null,
      "properties": {
        "nome": "Bras Rouge",
        "nazione": "reunion",
        "regione": "Sconosciuta",
        "difficolta": "v4 a3 IV",
        "calate": "10, calata più\n    alta 55 m (50 + 5)",
        "calata_max": null,
        "lunghezza": "2\n    km circa",
        "dislivello": "326 m (1176-850)",
        "tempi": "4h 30' discesa + 1h\n    rientro",
        "navetta": "3,2 km circa",
        "materiale": "2 corde da 60 m",
        "kmz_url": null,
        "foto_count": 0,
        "url": "https://www.cicarudeclan.com/ita/a5_rouge.htm"
      }
    },
    {
      "type": "Feature",
      "geometry": null,
      "properties": {
        "nome": "Bras du Parc",
        "nazione": "reunion",
        "regione": "Sconosciuta",
        "difficolta": "v4 a2 III",
        "calate": "4,\n    calata più alta 45 metri",
        "calata_max": "45 metri",
        "lunghezza": "1,1\n    km circa",
        "dislivello": "160\n    metri (1000-840)",
        "tempi": "1h\n    45' avvicinamento + 2h 45' + 45' rientro",
        "navetta": "0\n    km",
        "materiale": "2 corde da 60 m",
        "kmz_url": null,
        "foto_count": 0,
        "url": "https://www.cicarudeclan.com/ita/a5_parc.htm"
      }
    },
    {
      "type": "Feature",
      "geometry": null,
      "properties": {
        "nome": "Grand Mère",
        "nazione": "reunion",
        "regione": "Sconosciuta",
        "difficolta": "v5 a3 V",
        "calate": "12, calata più\n    alta 45 metri, salto più alto 70 m",
        "calata_max": null,
        "lunghezza": "1\n    km circa",
        "dislivello": "420 m (740-320)",
        "tempi": "2h 15'\n    avvicinamento + 6h + 45' rientro",
        "navetta": "0\n    km",
        "materiale": "3 corde da\n    60 m",
        "kmz_url": null,
        "foto_count": 0,
        "url": "https://www.cicarudeclan.com/ita/a5_mere.htm"
      }
    },
    {
      "type": "Feature",
      "geometry": null,
      "properties": {
        "nome": "Cañon de la Marta",
        "nazione": "costarica",
        "regione": "Sconosciuta",
        "difficolta": "v4 a2 II",
        "calate": "7,\n    calata più alta 40 metri",
        "calata_max": "40 metri",
        "lunghezza": "1,5\n    chilometri",
        "dislivello": "250\n    metri (900-650)",
        "tempi": "45’\n    avvicinamento + 2h 30’ discesa",
        "navetta": "0\n    km",
        "materiale": "2 corde da 60 metri, muta non indispensabile",
        "kmz_url": null,
        "foto_count": 0,
        "url": "https://www.cicarudeclan.com/ita/a5_marta.htm"
      }
    },
    {
      "type": "Feature",
      "geometry": null,
      "properties": {
        "nome": "Quebrada Ceciliana",
        "nazione": "costarica",
        "regione": "Sconosciuta",
        "difficolta": "v3 a1 I",
        "calate": "2,\n    calata più alta 18 metri",
        "calata_max": "18 metri",
        "lunghezza": "300\n    metri",
        "dislivello": "50\n    metri (800 - 750)",
        "tempi": "20’\n    h avvicinamento + 30’ discesa",
        "navetta": "0\n    km",
        "materiale": "1 corda da 60 metri, muta non indispensabile",
        "kmz_url": null,
        "foto_count": 0,
        "url": "https://www.cicarudeclan.com/ita/a5_cecil.htm"
      }
    },
    {
      "type": "Feature",
      "geometry": null,
      "properties": {
        "nome": "Lower Wadi Mujib",
        "nazione": "giordania",
        "regione": "Sconosciuta",
        "difficolta": "v2 a5 II",
        "calate": "nessuna",
        "calata_max": null,
        "lunghezza": "circa 2 km a/r",
        "dislivello": "+/- 30 metri (-370/-400)",
        "tempi": "2h salita e discesa",
        "navetta": "0 km",
        "materiale": "pantaloncini e t-shirt",
        "kmz_url": null,
        "foto_count": 3,
        "url": "https://www.cicarudeclan.com/ita/a5_mujib.htm"
      }
    },
    {
      "type": "Feature",
      "geometry": null,
      "properties": {
        "nome": "Jebel Khazali Siq",
        "nazione": "giordania",
        "regione": "Sconosciuta",
        "difficolta": "v2 a1 I",
        "calate": "nessuna",
        "calata_max": null,
        "lunghezza": "circa 600 m a/r",
        "dislivello": "+/- 20 metri (800/820)",
        "tempi": "40' salita e discesa",
        "navetta": "0 km",
        "materiale": "n.a.",
        "kmz_url": null,
        "foto_count": 3,
        "url": "https://www.cicarudeclan.com/ita/a5_khazali.htm"
      }
    },
    {
      "type": "Feature",
      "geometry": null,
      "properties": {
        "nome": "Snake Gorge (Wadi Bimah)",
        "nazione": "oman",
        "regione": "Sconosciuta",
        "difficolta": "v3 a3 V",
        "calate": "3, calata più alta 25 metri",
        "calata_max": "25 metri",
        "lunghezza": "circa 2,5 km",
        "dislivello": "170 metri (880-710)",
        "tempi": "3h + 30' rientro",
        "navetta": "circa 7 km",
        "materiale": "1 corda da 60 metri",
        "kmz_url": null,
        "foto_count": 5,
        "url": "https://www.cicarudeclan.com/ita/a5_snake.htm"
      }
    },
    {
      "type": "Feature",
      "geometry": null,
      "properties": {
        "nome": "Kaputas",
        "nazione": "turchia",
        "regione": "Sconosciuta",
        "difficolta": "v4 a1 IV",
        "calate": "23, calata più alta 33 metri",
        "calata_max": "33 metri",
        "lunghezza": "circa 2,3 km",
        "dislivello": "610 metri (620-10)",
        "tempi": "5' avvicinamento + 5h 30' + 5' rientro",
        "navetta": "13,1 km",
        "materiale": "3 corde da 60 metri",
        "kmz_url": null,
        "foto_count": 5,
        "url": "https://www.cicarudeclan.com/ita/a5_kaputas.htm"
      }
    }
  ],
  "metadata": {
    "total": 329,
    "source": "www.cicarudeclan.com",
    "note": "Geometrie null - coordinate disponibili nei file KMZ linkati"
  }
}